
-- MySQL 2 PostgreSQL dump

SET client_encoding = 'UTF8';
SET standard_conforming_strings = off;
SET check_function_bodies = false;
SET client_min_messages = warning;

DROP SEQUENCE IF EXISTS friendly_id_slugs_id_seq CASCADE;
CREATE SEQUENCE friendly_id_slugs_id_seq INCREMENT BY 1
                                  NO MAXVALUE NO MINVALUE CACHE 1;
SELECT pg_catalog.setval('friendly_id_slugs_id_seq', 17, true);

-- Table: friendly_id_slugs
DROP TABLE IF EXISTS "friendly_id_slugs" CASCADE;
CREATE TABLE "friendly_id_slugs" (
  "id" integer DEFAULT nextval('friendly_id_slugs_id_seq'::regclass) NOT NULL,
  "slug" character varying(255) NOT NULL,
  "sluggable_id" integer NOT NULL,
  "sluggable_type" character varying(50),
  "scope" character varying(255),
  "created_at" timestamp without time zone,
  "deleted_at" timestamp without time zone
)
WITHOUT OIDS;

-- Table: schema_migrations
DROP TABLE IF EXISTS "schema_migrations" CASCADE;
CREATE TABLE "schema_migrations" (
  "version" character varying(255) NOT NULL
)
WITHOUT OIDS;

DROP SEQUENCE IF EXISTS spree_addresses_id_seq CASCADE;
CREATE SEQUENCE spree_addresses_id_seq INCREMENT BY 1
                                  NO MAXVALUE NO MINVALUE CACHE 1;
SELECT pg_catalog.setval('spree_addresses_id_seq', 13, true);

-- Table: spree_addresses
DROP TABLE IF EXISTS "spree_addresses" CASCADE;
CREATE TABLE "spree_addresses" (
  "id" integer DEFAULT nextval('spree_addresses_id_seq'::regclass) NOT NULL,
  "firstname" character varying(255),
  "lastname" character varying(255),
  "address1" character varying(255),
  "address2" character varying(255),
  "city" character varying(255),
  "zipcode" character varying(255),
  "phone" character varying(255),
  "state_name" character varying(255),
  "alternative_phone" character varying(255),
  "company" character varying(255),
  "state_id" integer,
  "country_id" integer,
  "created_at" timestamp without time zone NOT NULL,
  "updated_at" timestamp without time zone NOT NULL,
  "user_id" integer,
  "deleted_at" timestamp without time zone
)
WITHOUT OIDS;

DROP SEQUENCE IF EXISTS spree_adjustments_id_seq CASCADE;
CREATE SEQUENCE spree_adjustments_id_seq INCREMENT BY 1
                                  NO MAXVALUE NO MINVALUE CACHE 1;
SELECT pg_catalog.setval('spree_adjustments_id_seq', 41, true);

-- Table: spree_adjustments
DROP TABLE IF EXISTS "spree_adjustments" CASCADE;
CREATE TABLE "spree_adjustments" (
  "id" integer DEFAULT nextval('spree_adjustments_id_seq'::regclass) NOT NULL,
  "source_id" integer,
  "source_type" character varying(255),
  "adjustable_id" integer,
  "adjustable_type" character varying(255),
  "amount" numeric(10, 2),
  "label" character varying(255),
  "mandatory" boolean,
  "eligible" boolean DEFAULT true,
  "created_at" timestamp without time zone NOT NULL,
  "updated_at" timestamp without time zone NOT NULL,
  "state" character varying(255),
  "order_id" integer NOT NULL,
  "included" boolean DEFAULT false
)
WITHOUT OIDS;

DROP SEQUENCE IF EXISTS spree_assets_id_seq CASCADE;
CREATE SEQUENCE spree_assets_id_seq INCREMENT BY 1
                                  NO MAXVALUE NO MINVALUE CACHE 1;
SELECT pg_catalog.setval('spree_assets_id_seq', 1, true);

-- Table: spree_assets
DROP TABLE IF EXISTS "spree_assets" CASCADE;
CREATE TABLE "spree_assets" (
  "id" integer DEFAULT nextval('spree_assets_id_seq'::regclass) NOT NULL,
  "viewable_id" integer,
  "viewable_type" character varying(255),
  "attachment_width" integer,
  "attachment_height" integer,
  "attachment_file_size" integer,
  "position" integer,
  "attachment_content_type" character varying(255),
  "attachment_file_name" character varying(255),
  "type" character varying(75),
  "attachment_updated_at" timestamp without time zone,
  "alt" text,
  "created_at" timestamp without time zone,
  "updated_at" timestamp without time zone
)
WITHOUT OIDS;

DROP SEQUENCE IF EXISTS spree_banner_types_id_seq CASCADE;
CREATE SEQUENCE spree_banner_types_id_seq INCREMENT BY 1
                                  NO MAXVALUE NO MINVALUE CACHE 1;
SELECT pg_catalog.setval('spree_banner_types_id_seq', 5, true);

-- Table: spree_banner_types
DROP TABLE IF EXISTS "spree_banner_types" CASCADE;
CREATE TABLE "spree_banner_types" (
  "id" integer DEFAULT nextval('spree_banner_types_id_seq'::regclass) NOT NULL,
  "name" character varying(255),
  "presentation" character varying(255),
  "created_at" timestamp without time zone NOT NULL,
  "updated_at" timestamp without time zone NOT NULL
)
WITHOUT OIDS;

DROP SEQUENCE IF EXISTS spree_banners_id_seq CASCADE;
CREATE SEQUENCE spree_banners_id_seq INCREMENT BY 1
                                  NO MAXVALUE NO MINVALUE CACHE 1;
SELECT pg_catalog.setval('spree_banners_id_seq', 2, true);

-- Table: spree_banners
DROP TABLE IF EXISTS "spree_banners" CASCADE;
CREATE TABLE "spree_banners" (
  "id" integer DEFAULT nextval('spree_banners_id_seq'::regclass) NOT NULL,
  "target_url" character varying(255),
  "created_at" timestamp without time zone NOT NULL,
  "updated_at" timestamp without time zone NOT NULL,
  "image_file_name" character varying(255),
  "image_content_type" character varying(255),
  "image_file_size" integer,
  "image_updated_at" timestamp without time zone,
  "type_id" integer
)
WITHOUT OIDS;

DROP SEQUENCE IF EXISTS spree_calculators_id_seq CASCADE;
CREATE SEQUENCE spree_calculators_id_seq INCREMENT BY 1
                                  NO MAXVALUE NO MINVALUE CACHE 1;
SELECT pg_catalog.setval('spree_calculators_id_seq', 8, true);

-- Table: spree_calculators
DROP TABLE IF EXISTS "spree_calculators" CASCADE;
CREATE TABLE "spree_calculators" (
  "id" integer DEFAULT nextval('spree_calculators_id_seq'::regclass) NOT NULL,
  "type" character varying(255),
  "calculable_id" integer,
  "calculable_type" character varying(255),
  "created_at" timestamp without time zone NOT NULL,
  "updated_at" timestamp without time zone NOT NULL,
  "preferences" text,
  "deleted_at" timestamp without time zone
)
WITHOUT OIDS;

DROP SEQUENCE IF EXISTS spree_countries_id_seq CASCADE;
CREATE SEQUENCE spree_countries_id_seq INCREMENT BY 1
                                  NO MAXVALUE NO MINVALUE CACHE 1;
SELECT pg_catalog.setval('spree_countries_id_seq', 249, true);

-- Table: spree_countries
DROP TABLE IF EXISTS "spree_countries" CASCADE;
CREATE TABLE "spree_countries" (
  "id" integer DEFAULT nextval('spree_countries_id_seq'::regclass) NOT NULL,
  "iso_name" character varying(255),
  "iso" character varying(255),
  "iso3" character varying(255),
  "name" character varying(255),
  "numcode" integer,
  "states_required" boolean DEFAULT false,
  "updated_at" timestamp without time zone
)
WITHOUT OIDS;

DROP SEQUENCE IF EXISTS spree_credit_cards_id_seq CASCADE;
CREATE SEQUENCE spree_credit_cards_id_seq INCREMENT BY 1
                                  NO MAXVALUE NO MINVALUE CACHE 1;
SELECT pg_catalog.setval('spree_credit_cards_id_seq', 1, true);

-- Table: spree_credit_cards
DROP TABLE IF EXISTS "spree_credit_cards" CASCADE;
CREATE TABLE "spree_credit_cards" (
  "id" integer DEFAULT nextval('spree_credit_cards_id_seq'::regclass) NOT NULL,
  "month" character varying(255),
  "year" character varying(255),
  "cc_type" character varying(255),
  "last_digits" character varying(255),
  "address_id" integer,
  "gateway_customer_profile_id" character varying(255),
  "gateway_payment_profile_id" character varying(255),
  "created_at" timestamp without time zone NOT NULL,
  "updated_at" timestamp without time zone NOT NULL,
  "name" character varying(255),
  "user_id" integer,
  "payment_method_id" integer,
  "default" boolean DEFAULT false NOT NULL
)
WITHOUT OIDS;

DROP SEQUENCE IF EXISTS spree_customer_returns_id_seq CASCADE;
CREATE SEQUENCE spree_customer_returns_id_seq INCREMENT BY 1
                                  NO MAXVALUE NO MINVALUE CACHE 1;
SELECT pg_catalog.setval('spree_customer_returns_id_seq', 1, true);

-- Table: spree_customer_returns
DROP TABLE IF EXISTS "spree_customer_returns" CASCADE;
CREATE TABLE "spree_customer_returns" (
  "id" integer DEFAULT nextval('spree_customer_returns_id_seq'::regclass) NOT NULL,
  "number" character varying(255),
  "stock_location_id" integer,
  "created_at" timestamp without time zone NOT NULL,
  "updated_at" timestamp without time zone NOT NULL
)
WITHOUT OIDS;

DROP SEQUENCE IF EXISTS spree_devices_id_seq CASCADE;
CREATE SEQUENCE spree_devices_id_seq INCREMENT BY 1
                                  NO MAXVALUE NO MINVALUE CACHE 1;
SELECT pg_catalog.setval('spree_devices_id_seq', 1, true);

-- Table: spree_devices
DROP TABLE IF EXISTS "spree_devices" CASCADE;
CREATE TABLE "spree_devices" (
  "id" integer DEFAULT nextval('spree_devices_id_seq'::regclass) NOT NULL,
  "device_token" character varying(255),
  "user_id" integer,
  "created_at" timestamp without time zone NOT NULL,
  "updated_at" timestamp without time zone NOT NULL
)
WITHOUT OIDS;

DROP SEQUENCE IF EXISTS spree_feedback_reviews_id_seq CASCADE;
CREATE SEQUENCE spree_feedback_reviews_id_seq INCREMENT BY 1
                                  NO MAXVALUE NO MINVALUE CACHE 1;
SELECT pg_catalog.setval('spree_feedback_reviews_id_seq', 1, true);

-- Table: spree_feedback_reviews
DROP TABLE IF EXISTS "spree_feedback_reviews" CASCADE;
CREATE TABLE "spree_feedback_reviews" (
  "id" integer DEFAULT nextval('spree_feedback_reviews_id_seq'::regclass) NOT NULL,
  "user_id" integer,
  "review_id" integer NOT NULL,
  "rating" integer DEFAULT 0,
  "comment" text,
  "created_at" timestamp without time zone NOT NULL,
  "updated_at" timestamp without time zone NOT NULL,
  "locale" character varying(255) DEFAULT 'en'::character varying
)
WITHOUT OIDS;

DROP SEQUENCE IF EXISTS spree_filters_id_seq CASCADE;
CREATE SEQUENCE spree_filters_id_seq INCREMENT BY 1
                                  NO MAXVALUE NO MINVALUE CACHE 1;
SELECT pg_catalog.setval('spree_filters_id_seq', 2, true);

-- Table: spree_filters
DROP TABLE IF EXISTS "spree_filters" CASCADE;
CREATE TABLE "spree_filters" (
  "id" integer DEFAULT nextval('spree_filters_id_seq'::regclass) NOT NULL,
  "name" character varying(255),
  "display_name" character varying(255),
  "type" character varying(255),
  "enabled" boolean DEFAULT false,
  "created_at" timestamp without time zone,
  "updated_at" timestamp without time zone
)
WITHOUT OIDS;

DROP SEQUENCE IF EXISTS spree_gateways_id_seq CASCADE;
CREATE SEQUENCE spree_gateways_id_seq INCREMENT BY 1
                                  NO MAXVALUE NO MINVALUE CACHE 1;
SELECT pg_catalog.setval('spree_gateways_id_seq', 1, true);

-- Table: spree_gateways
DROP TABLE IF EXISTS "spree_gateways" CASCADE;
CREATE TABLE "spree_gateways" (
  "id" integer DEFAULT nextval('spree_gateways_id_seq'::regclass) NOT NULL,
  "type" character varying(255),
  "name" character varying(255),
  "description" text,
  "active" boolean DEFAULT true,
  "environment" character varying(255) DEFAULT 'development'::character varying,
  "server" character varying(255) DEFAULT 'test'::character varying,
  "test_mode" boolean DEFAULT true,
  "created_at" timestamp without time zone NOT NULL,
  "updated_at" timestamp without time zone NOT NULL,
  "preferences" text
)
WITHOUT OIDS;

DROP SEQUENCE IF EXISTS spree_inventory_units_id_seq CASCADE;
CREATE SEQUENCE spree_inventory_units_id_seq INCREMENT BY 1
                                  NO MAXVALUE NO MINVALUE CACHE 1;
SELECT pg_catalog.setval('spree_inventory_units_id_seq', 38, true);

-- Table: spree_inventory_units
DROP TABLE IF EXISTS "spree_inventory_units" CASCADE;
CREATE TABLE "spree_inventory_units" (
  "id" integer DEFAULT nextval('spree_inventory_units_id_seq'::regclass) NOT NULL,
  "state" character varying(255),
  "variant_id" integer,
  "order_id" integer,
  "shipment_id" integer,
  "created_at" timestamp without time zone NOT NULL,
  "updated_at" timestamp without time zone NOT NULL,
  "pending" boolean DEFAULT true,
  "line_item_id" integer
)
WITHOUT OIDS;

DROP SEQUENCE IF EXISTS spree_line_items_id_seq CASCADE;
CREATE SEQUENCE spree_line_items_id_seq INCREMENT BY 1
                                  NO MAXVALUE NO MINVALUE CACHE 1;
SELECT pg_catalog.setval('spree_line_items_id_seq', 25, true);

-- Table: spree_line_items
DROP TABLE IF EXISTS "spree_line_items" CASCADE;
CREATE TABLE "spree_line_items" (
  "id" integer DEFAULT nextval('spree_line_items_id_seq'::regclass) NOT NULL,
  "variant_id" integer,
  "order_id" integer,
  "quantity" integer NOT NULL,
  "price" numeric(10, 2) NOT NULL,
  "created_at" timestamp without time zone NOT NULL,
  "updated_at" timestamp without time zone NOT NULL,
  "currency" character varying(255),
  "cost_price" numeric(10, 2),
  "tax_category_id" integer,
  "adjustment_total" numeric(10, 2) DEFAULT 0.00,
  "additional_tax_total" numeric(10, 2) DEFAULT 0.00,
  "promo_total" numeric(10, 2) DEFAULT 0.00,
  "included_tax_total" numeric(10, 2) DEFAULT 0.00 NOT NULL,
  "pre_tax_amount" numeric(12, 4) DEFAULT 0.0000 NOT NULL
)
WITHOUT OIDS;

DROP SEQUENCE IF EXISTS spree_log_entries_id_seq CASCADE;
CREATE SEQUENCE spree_log_entries_id_seq INCREMENT BY 1
                                  NO MAXVALUE NO MINVALUE CACHE 1;
SELECT pg_catalog.setval('spree_log_entries_id_seq', 1, true);

-- Table: spree_log_entries
DROP TABLE IF EXISTS "spree_log_entries" CASCADE;
CREATE TABLE "spree_log_entries" (
  "id" integer DEFAULT nextval('spree_log_entries_id_seq'::regclass) NOT NULL,
  "source_id" integer,
  "source_type" character varying(255),
  "details" text,
  "created_at" timestamp without time zone NOT NULL,
  "updated_at" timestamp without time zone NOT NULL
)
WITHOUT OIDS;

DROP SEQUENCE IF EXISTS spree_option_types_id_seq CASCADE;
CREATE SEQUENCE spree_option_types_id_seq INCREMENT BY 1
                                  NO MAXVALUE NO MINVALUE CACHE 1;
SELECT pg_catalog.setval('spree_option_types_id_seq', 3, true);

-- Table: spree_option_types
DROP TABLE IF EXISTS "spree_option_types" CASCADE;
CREATE TABLE "spree_option_types" (
  "id" integer DEFAULT nextval('spree_option_types_id_seq'::regclass) NOT NULL,
  "name" character varying(100),
  "presentation" character varying(100),
  "position" integer DEFAULT 0 NOT NULL,
  "created_at" timestamp without time zone NOT NULL,
  "updated_at" timestamp without time zone NOT NULL
)
WITHOUT OIDS;

-- Table: spree_option_types_prototypes
DROP TABLE IF EXISTS "spree_option_types_prototypes" CASCADE;
CREATE TABLE "spree_option_types_prototypes" (
  "prototype_id" integer,
  "option_type_id" integer
)
WITHOUT OIDS;

DROP SEQUENCE IF EXISTS spree_option_values_id_seq CASCADE;
CREATE SEQUENCE spree_option_values_id_seq INCREMENT BY 1
                                  NO MAXVALUE NO MINVALUE CACHE 1;
SELECT pg_catalog.setval('spree_option_values_id_seq', 8, true);

-- Table: spree_option_values
DROP TABLE IF EXISTS "spree_option_values" CASCADE;
CREATE TABLE "spree_option_values" (
  "id" integer DEFAULT nextval('spree_option_values_id_seq'::regclass) NOT NULL,
  "position" integer,
  "name" character varying(255),
  "presentation" character varying(255),
  "option_type_id" integer,
  "created_at" timestamp without time zone NOT NULL,
  "updated_at" timestamp without time zone NOT NULL
)
WITHOUT OIDS;

-- Table: spree_option_values_variants
DROP TABLE IF EXISTS "spree_option_values_variants" CASCADE;
CREATE TABLE "spree_option_values_variants" (
  "variant_id" integer,
  "option_value_id" integer
)
WITHOUT OIDS;

DROP SEQUENCE IF EXISTS spree_orders_id_seq CASCADE;
CREATE SEQUENCE spree_orders_id_seq INCREMENT BY 1
                                  NO MAXVALUE NO MINVALUE CACHE 1;
SELECT pg_catalog.setval('spree_orders_id_seq', 24, true);

-- Table: spree_orders
DROP TABLE IF EXISTS "spree_orders" CASCADE;
CREATE TABLE "spree_orders" (
  "id" integer DEFAULT nextval('spree_orders_id_seq'::regclass) NOT NULL,
  "number" character varying(32),
  "item_total" numeric(10, 2) DEFAULT 0.00 NOT NULL,
  "total" numeric(10, 2) DEFAULT 0.00 NOT NULL,
  "state" character varying(255),
  "adjustment_total" numeric(10, 2) DEFAULT 0.00 NOT NULL,
  "user_id" integer,
  "completed_at" timestamp without time zone,
  "bill_address_id" integer,
  "ship_address_id" integer,
  "payment_total" numeric(10, 2) DEFAULT 0.00,
  "shipping_method_id" integer,
  "shipment_state" character varying(255),
  "payment_state" character varying(255),
  "email" character varying(255),
  "special_instructions" text,
  "created_at" timestamp without time zone NOT NULL,
  "updated_at" timestamp without time zone NOT NULL,
  "currency" character varying(255),
  "last_ip_address" character varying(255),
  "created_by_id" integer,
  "shipment_total" numeric(10, 2) DEFAULT 0.00 NOT NULL,
  "additional_tax_total" numeric(10, 2) DEFAULT 0.00,
  "promo_total" numeric(10, 2) DEFAULT 0.00,
  "channel" character varying(255) DEFAULT 'spree'::character varying,
  "included_tax_total" numeric(10, 2) DEFAULT 0.00 NOT NULL,
  "item_count" integer DEFAULT 0,
  "approver_id" integer,
  "approved_at" timestamp without time zone,
  "confirmation_delivered" boolean DEFAULT false,
  "considered_risky" boolean DEFAULT false,
  "guest_token" character varying(255),
  "canceled_at" timestamp without time zone,
  "canceler_id" integer,
  "store_id" integer,
  "state_lock_version" integer DEFAULT 0 NOT NULL
)
WITHOUT OIDS;

-- Table: spree_orders_promotions
DROP TABLE IF EXISTS "spree_orders_promotions" CASCADE;
CREATE TABLE "spree_orders_promotions" (
  "order_id" integer,
  "promotion_id" integer
)
WITHOUT OIDS;

DROP SEQUENCE IF EXISTS spree_payment_capture_events_id_seq CASCADE;
CREATE SEQUENCE spree_payment_capture_events_id_seq INCREMENT BY 1
                                  NO MAXVALUE NO MINVALUE CACHE 1;
SELECT pg_catalog.setval('spree_payment_capture_events_id_seq', 1, true);

-- Table: spree_payment_capture_events
DROP TABLE IF EXISTS "spree_payment_capture_events" CASCADE;
CREATE TABLE "spree_payment_capture_events" (
  "id" integer DEFAULT nextval('spree_payment_capture_events_id_seq'::regclass) NOT NULL,
  "amount" numeric(10, 2) DEFAULT 0.00,
  "payment_id" integer,
  "created_at" timestamp without time zone NOT NULL,
  "updated_at" timestamp without time zone NOT NULL
)
WITHOUT OIDS;

DROP SEQUENCE IF EXISTS spree_payment_methods_id_seq CASCADE;
CREATE SEQUENCE spree_payment_methods_id_seq INCREMENT BY 1
                                  NO MAXVALUE NO MINVALUE CACHE 1;
SELECT pg_catalog.setval('spree_payment_methods_id_seq', 4, true);

-- Table: spree_payment_methods
DROP TABLE IF EXISTS "spree_payment_methods" CASCADE;
CREATE TABLE "spree_payment_methods" (
  "id" integer DEFAULT nextval('spree_payment_methods_id_seq'::regclass) NOT NULL,
  "type" character varying(255),
  "name" character varying(255),
  "description" text,
  "active" boolean DEFAULT true,
  "deleted_at" timestamp without time zone,
  "created_at" timestamp without time zone NOT NULL,
  "updated_at" timestamp without time zone NOT NULL,
  "display_on" character varying(255),
  "auto_capture" boolean,
  "preferences" text
)
WITHOUT OIDS;

DROP SEQUENCE IF EXISTS spree_payments_id_seq CASCADE;
CREATE SEQUENCE spree_payments_id_seq INCREMENT BY 1
                                  NO MAXVALUE NO MINVALUE CACHE 1;
SELECT pg_catalog.setval('spree_payments_id_seq', 11, true);

-- Table: spree_payments
DROP TABLE IF EXISTS "spree_payments" CASCADE;
CREATE TABLE "spree_payments" (
  "id" integer DEFAULT nextval('spree_payments_id_seq'::regclass) NOT NULL,
  "amount" numeric(10, 2) DEFAULT 0.00 NOT NULL,
  "order_id" integer,
  "source_id" integer,
  "source_type" character varying(255),
  "payment_method_id" integer,
  "state" character varying(255),
  "response_code" character varying(255),
  "avs_response" character varying(255),
  "created_at" timestamp without time zone NOT NULL,
  "updated_at" timestamp without time zone NOT NULL,
  "number" character varying(255),
  "cvv_response_code" character varying(255),
  "cvv_response_message" character varying(255)
)
WITHOUT OIDS;

DROP SEQUENCE IF EXISTS spree_preferences_id_seq CASCADE;
CREATE SEQUENCE spree_preferences_id_seq INCREMENT BY 1
                                  NO MAXVALUE NO MINVALUE CACHE 1;
SELECT pg_catalog.setval('spree_preferences_id_seq', 4, true);

-- Table: spree_preferences
DROP TABLE IF EXISTS "spree_preferences" CASCADE;
CREATE TABLE "spree_preferences" (
  "id" integer DEFAULT nextval('spree_preferences_id_seq'::regclass) NOT NULL,
  "value" text,
  "key" character varying(255),
  "created_at" timestamp without time zone NOT NULL,
  "updated_at" timestamp without time zone NOT NULL
)
WITHOUT OIDS;

DROP SEQUENCE IF EXISTS spree_prices_id_seq CASCADE;
CREATE SEQUENCE spree_prices_id_seq INCREMENT BY 1
                                  NO MAXVALUE NO MINVALUE CACHE 1;
SELECT pg_catalog.setval('spree_prices_id_seq', 34, true);

-- Table: spree_prices
DROP TABLE IF EXISTS "spree_prices" CASCADE;
CREATE TABLE "spree_prices" (
  "id" integer DEFAULT nextval('spree_prices_id_seq'::regclass) NOT NULL,
  "variant_id" integer NOT NULL,
  "amount" numeric(10, 2),
  "currency" character varying(255),
  "deleted_at" timestamp without time zone
)
WITHOUT OIDS;

DROP SEQUENCE IF EXISTS spree_product_option_types_id_seq CASCADE;
CREATE SEQUENCE spree_product_option_types_id_seq INCREMENT BY 1
                                  NO MAXVALUE NO MINVALUE CACHE 1;
SELECT pg_catalog.setval('spree_product_option_types_id_seq', 7, true);

-- Table: spree_product_option_types
DROP TABLE IF EXISTS "spree_product_option_types" CASCADE;
CREATE TABLE "spree_product_option_types" (
  "id" integer DEFAULT nextval('spree_product_option_types_id_seq'::regclass) NOT NULL,
  "position" integer,
  "product_id" integer,
  "option_type_id" integer,
  "created_at" timestamp without time zone NOT NULL,
  "updated_at" timestamp without time zone NOT NULL
)
WITHOUT OIDS;

DROP SEQUENCE IF EXISTS spree_product_properties_id_seq CASCADE;
CREATE SEQUENCE spree_product_properties_id_seq INCREMENT BY 1
                                  NO MAXVALUE NO MINVALUE CACHE 1;
SELECT pg_catalog.setval('spree_product_properties_id_seq', 1, true);

-- Table: spree_product_properties
DROP TABLE IF EXISTS "spree_product_properties" CASCADE;
CREATE TABLE "spree_product_properties" (
  "id" integer DEFAULT nextval('spree_product_properties_id_seq'::regclass) NOT NULL,
  "value" character varying(255),
  "product_id" integer,
  "property_id" integer,
  "created_at" timestamp without time zone NOT NULL,
  "updated_at" timestamp without time zone NOT NULL,
  "position" integer DEFAULT 0,
  "type_id" integer
)
WITHOUT OIDS;

DROP SEQUENCE IF EXISTS spree_product_property_types_id_seq CASCADE;
CREATE SEQUENCE spree_product_property_types_id_seq INCREMENT BY 1
                                  NO MAXVALUE NO MINVALUE CACHE 1;
SELECT pg_catalog.setval('spree_product_property_types_id_seq', 1, true);

-- Table: spree_product_property_types
DROP TABLE IF EXISTS "spree_product_property_types" CASCADE;
CREATE TABLE "spree_product_property_types" (
  "id" integer DEFAULT nextval('spree_product_property_types_id_seq'::regclass) NOT NULL,
  "name" character varying(255),
  "created_at" timestamp without time zone NOT NULL,
  "updated_at" timestamp without time zone NOT NULL
)
WITHOUT OIDS;

DROP SEQUENCE IF EXISTS spree_products_id_seq CASCADE;
CREATE SEQUENCE spree_products_id_seq INCREMENT BY 1
                                  NO MAXVALUE NO MINVALUE CACHE 1;
SELECT pg_catalog.setval('spree_products_id_seq', 17, true);

-- Table: spree_products
DROP TABLE IF EXISTS "spree_products" CASCADE;
CREATE TABLE "spree_products" (
  "id" integer DEFAULT nextval('spree_products_id_seq'::regclass) NOT NULL,
  "name" character varying(255) DEFAULT ''::character varying NOT NULL,
  "description" text,
  "available_on" timestamp without time zone,
  "deleted_at" timestamp without time zone,
  "slug" character varying(255),
  "meta_description" text,
  "meta_keywords" character varying(255),
  "tax_category_id" integer,
  "shipping_category_id" integer,
  "created_at" timestamp without time zone NOT NULL,
  "updated_at" timestamp without time zone NOT NULL,
  "promotionable" boolean DEFAULT true,
  "meta_title" character varying(255),
  "avg_rating" numeric(7, 5) DEFAULT 0.00000 NOT NULL,
  "reviews_count" integer DEFAULT 0 NOT NULL
)
WITHOUT OIDS;

-- Table: spree_products_promotion_rules
DROP TABLE IF EXISTS "spree_products_promotion_rules" CASCADE;
CREATE TABLE "spree_products_promotion_rules" (
  "product_id" integer,
  "promotion_rule_id" integer
)
WITHOUT OIDS;

DROP SEQUENCE IF EXISTS spree_products_taxons_id_seq CASCADE;
CREATE SEQUENCE spree_products_taxons_id_seq INCREMENT BY 1
                                  NO MAXVALUE NO MINVALUE CACHE 1;
SELECT pg_catalog.setval('spree_products_taxons_id_seq', 33, true);

-- Table: spree_products_taxons
DROP TABLE IF EXISTS "spree_products_taxons" CASCADE;
CREATE TABLE "spree_products_taxons" (
  "product_id" integer,
  "taxon_id" integer,
  "id" integer DEFAULT nextval('spree_products_taxons_id_seq'::regclass) NOT NULL,
  "position" integer
)
WITHOUT OIDS;

DROP SEQUENCE IF EXISTS spree_promotion_action_line_items_id_seq CASCADE;
CREATE SEQUENCE spree_promotion_action_line_items_id_seq INCREMENT BY 1
                                  NO MAXVALUE NO MINVALUE CACHE 1;
SELECT pg_catalog.setval('spree_promotion_action_line_items_id_seq', 1, true);

-- Table: spree_promotion_action_line_items
DROP TABLE IF EXISTS "spree_promotion_action_line_items" CASCADE;
CREATE TABLE "spree_promotion_action_line_items" (
  "id" integer DEFAULT nextval('spree_promotion_action_line_items_id_seq'::regclass) NOT NULL,
  "promotion_action_id" integer,
  "variant_id" integer,
  "quantity" integer DEFAULT 1
)
WITHOUT OIDS;

DROP SEQUENCE IF EXISTS spree_promotion_actions_id_seq CASCADE;
CREATE SEQUENCE spree_promotion_actions_id_seq INCREMENT BY 1
                                  NO MAXVALUE NO MINVALUE CACHE 1;
SELECT pg_catalog.setval('spree_promotion_actions_id_seq', 1, true);

-- Table: spree_promotion_actions
DROP TABLE IF EXISTS "spree_promotion_actions" CASCADE;
CREATE TABLE "spree_promotion_actions" (
  "id" integer DEFAULT nextval('spree_promotion_actions_id_seq'::regclass) NOT NULL,
  "promotion_id" integer,
  "position" integer,
  "type" character varying(255),
  "deleted_at" timestamp without time zone
)
WITHOUT OIDS;

DROP SEQUENCE IF EXISTS spree_promotion_categories_id_seq CASCADE;
CREATE SEQUENCE spree_promotion_categories_id_seq INCREMENT BY 1
                                  NO MAXVALUE NO MINVALUE CACHE 1;
SELECT pg_catalog.setval('spree_promotion_categories_id_seq', 1, true);

-- Table: spree_promotion_categories
DROP TABLE IF EXISTS "spree_promotion_categories" CASCADE;
CREATE TABLE "spree_promotion_categories" (
  "id" integer DEFAULT nextval('spree_promotion_categories_id_seq'::regclass) NOT NULL,
  "name" character varying(255),
  "created_at" timestamp without time zone NOT NULL,
  "updated_at" timestamp without time zone NOT NULL,
  "code" character varying(255)
)
WITHOUT OIDS;

DROP SEQUENCE IF EXISTS spree_promotion_rules_id_seq CASCADE;
CREATE SEQUENCE spree_promotion_rules_id_seq INCREMENT BY 1
                                  NO MAXVALUE NO MINVALUE CACHE 1;
SELECT pg_catalog.setval('spree_promotion_rules_id_seq', 1, true);

-- Table: spree_promotion_rules
DROP TABLE IF EXISTS "spree_promotion_rules" CASCADE;
CREATE TABLE "spree_promotion_rules" (
  "id" integer DEFAULT nextval('spree_promotion_rules_id_seq'::regclass) NOT NULL,
  "promotion_id" integer,
  "user_id" integer,
  "product_group_id" integer,
  "type" character varying(255),
  "created_at" timestamp without time zone NOT NULL,
  "updated_at" timestamp without time zone NOT NULL,
  "code" character varying(255),
  "preferences" text
)
WITHOUT OIDS;

-- Table: spree_promotion_rules_users
DROP TABLE IF EXISTS "spree_promotion_rules_users" CASCADE;
CREATE TABLE "spree_promotion_rules_users" (
  "user_id" integer,
  "promotion_rule_id" integer
)
WITHOUT OIDS;

DROP SEQUENCE IF EXISTS spree_promotions_id_seq CASCADE;
CREATE SEQUENCE spree_promotions_id_seq INCREMENT BY 1
                                  NO MAXVALUE NO MINVALUE CACHE 1;
SELECT pg_catalog.setval('spree_promotions_id_seq', 1, true);

-- Table: spree_promotions
DROP TABLE IF EXISTS "spree_promotions" CASCADE;
CREATE TABLE "spree_promotions" (
  "id" integer DEFAULT nextval('spree_promotions_id_seq'::regclass) NOT NULL,
  "description" character varying(255),
  "expires_at" timestamp without time zone,
  "starts_at" timestamp without time zone,
  "name" character varying(255),
  "type" character varying(255),
  "usage_limit" integer,
  "match_policy" character varying(255) DEFAULT 'all'::character varying,
  "code" character varying(255),
  "advertise" boolean DEFAULT false,
  "path" character varying(255),
  "created_at" timestamp without time zone NOT NULL,
  "updated_at" timestamp without time zone NOT NULL,
  "promotion_category_id" integer
)
WITHOUT OIDS;

DROP SEQUENCE IF EXISTS spree_properties_id_seq CASCADE;
CREATE SEQUENCE spree_properties_id_seq INCREMENT BY 1
                                  NO MAXVALUE NO MINVALUE CACHE 1;
SELECT pg_catalog.setval('spree_properties_id_seq', 1, true);

-- Table: spree_properties
DROP TABLE IF EXISTS "spree_properties" CASCADE;
CREATE TABLE "spree_properties" (
  "id" integer DEFAULT nextval('spree_properties_id_seq'::regclass) NOT NULL,
  "name" character varying(255),
  "presentation" character varying(255) NOT NULL,
  "created_at" timestamp without time zone NOT NULL,
  "updated_at" timestamp without time zone NOT NULL,
  "enabled_for_filters" boolean DEFAULT false
)
WITHOUT OIDS;

-- Table: spree_properties_prototypes
DROP TABLE IF EXISTS "spree_properties_prototypes" CASCADE;
CREATE TABLE "spree_properties_prototypes" (
  "prototype_id" integer,
  "property_id" integer
)
WITHOUT OIDS;

DROP SEQUENCE IF EXISTS spree_prototypes_id_seq CASCADE;
CREATE SEQUENCE spree_prototypes_id_seq INCREMENT BY 1
                                  NO MAXVALUE NO MINVALUE CACHE 1;
SELECT pg_catalog.setval('spree_prototypes_id_seq', 1, true);

-- Table: spree_prototypes
DROP TABLE IF EXISTS "spree_prototypes" CASCADE;
CREATE TABLE "spree_prototypes" (
  "id" integer DEFAULT nextval('spree_prototypes_id_seq'::regclass) NOT NULL,
  "name" character varying(255),
  "created_at" timestamp without time zone NOT NULL,
  "updated_at" timestamp without time zone NOT NULL
)
WITHOUT OIDS;

DROP SEQUENCE IF EXISTS spree_refund_reasons_id_seq CASCADE;
CREATE SEQUENCE spree_refund_reasons_id_seq INCREMENT BY 1
                                  NO MAXVALUE NO MINVALUE CACHE 1;
SELECT pg_catalog.setval('spree_refund_reasons_id_seq', 2, true);

-- Table: spree_refund_reasons
DROP TABLE IF EXISTS "spree_refund_reasons" CASCADE;
CREATE TABLE "spree_refund_reasons" (
  "id" integer DEFAULT nextval('spree_refund_reasons_id_seq'::regclass) NOT NULL,
  "name" character varying(255),
  "active" boolean DEFAULT true,
  "mutable" boolean DEFAULT true,
  "created_at" timestamp without time zone NOT NULL,
  "updated_at" timestamp without time zone NOT NULL
)
WITHOUT OIDS;

DROP SEQUENCE IF EXISTS spree_refunds_id_seq CASCADE;
CREATE SEQUENCE spree_refunds_id_seq INCREMENT BY 1
                                  NO MAXVALUE NO MINVALUE CACHE 1;
SELECT pg_catalog.setval('spree_refunds_id_seq', 1, true);

-- Table: spree_refunds
DROP TABLE IF EXISTS "spree_refunds" CASCADE;
CREATE TABLE "spree_refunds" (
  "id" integer DEFAULT nextval('spree_refunds_id_seq'::regclass) NOT NULL,
  "payment_id" integer,
  "amount" numeric(10, 2) DEFAULT 0.00 NOT NULL,
  "transaction_id" character varying(255),
  "created_at" timestamp without time zone NOT NULL,
  "updated_at" timestamp without time zone NOT NULL,
  "refund_reason_id" integer,
  "reimbursement_id" integer
)
WITHOUT OIDS;

DROP SEQUENCE IF EXISTS spree_reimbursement_credits_id_seq CASCADE;
CREATE SEQUENCE spree_reimbursement_credits_id_seq INCREMENT BY 1
                                  NO MAXVALUE NO MINVALUE CACHE 1;
SELECT pg_catalog.setval('spree_reimbursement_credits_id_seq', 1, true);

-- Table: spree_reimbursement_credits
DROP TABLE IF EXISTS "spree_reimbursement_credits" CASCADE;
CREATE TABLE "spree_reimbursement_credits" (
  "id" integer DEFAULT nextval('spree_reimbursement_credits_id_seq'::regclass) NOT NULL,
  "amount" numeric(10, 2) DEFAULT 0.00 NOT NULL,
  "reimbursement_id" integer,
  "creditable_id" integer,
  "creditable_type" character varying(255)
)
WITHOUT OIDS;

DROP SEQUENCE IF EXISTS spree_reimbursement_types_id_seq CASCADE;
CREATE SEQUENCE spree_reimbursement_types_id_seq INCREMENT BY 1
                                  NO MAXVALUE NO MINVALUE CACHE 1;
SELECT pg_catalog.setval('spree_reimbursement_types_id_seq', 2, true);

-- Table: spree_reimbursement_types
DROP TABLE IF EXISTS "spree_reimbursement_types" CASCADE;
CREATE TABLE "spree_reimbursement_types" (
  "id" integer DEFAULT nextval('spree_reimbursement_types_id_seq'::regclass) NOT NULL,
  "name" character varying(255),
  "active" boolean DEFAULT true,
  "mutable" boolean DEFAULT true,
  "created_at" timestamp without time zone NOT NULL,
  "updated_at" timestamp without time zone NOT NULL,
  "type" character varying(255)
)
WITHOUT OIDS;

DROP SEQUENCE IF EXISTS spree_reimbursements_id_seq CASCADE;
CREATE SEQUENCE spree_reimbursements_id_seq INCREMENT BY 1
                                  NO MAXVALUE NO MINVALUE CACHE 1;
SELECT pg_catalog.setval('spree_reimbursements_id_seq', 1, true);

-- Table: spree_reimbursements
DROP TABLE IF EXISTS "spree_reimbursements" CASCADE;
CREATE TABLE "spree_reimbursements" (
  "id" integer DEFAULT nextval('spree_reimbursements_id_seq'::regclass) NOT NULL,
  "number" character varying(255),
  "reimbursement_status" character varying(255),
  "customer_return_id" integer,
  "order_id" integer,
  "total" numeric(10, 2),
  "created_at" timestamp without time zone NOT NULL,
  "updated_at" timestamp without time zone NOT NULL
)
WITHOUT OIDS;

DROP SEQUENCE IF EXISTS spree_return_authorization_reasons_id_seq CASCADE;
CREATE SEQUENCE spree_return_authorization_reasons_id_seq INCREMENT BY 1
                                  NO MAXVALUE NO MINVALUE CACHE 1;
SELECT pg_catalog.setval('spree_return_authorization_reasons_id_seq', 10, true);

-- Table: spree_return_authorization_reasons
DROP TABLE IF EXISTS "spree_return_authorization_reasons" CASCADE;
CREATE TABLE "spree_return_authorization_reasons" (
  "id" integer DEFAULT nextval('spree_return_authorization_reasons_id_seq'::regclass) NOT NULL,
  "name" character varying(255),
  "active" boolean DEFAULT true,
  "mutable" boolean DEFAULT true,
  "created_at" timestamp without time zone NOT NULL,
  "updated_at" timestamp without time zone NOT NULL
)
WITHOUT OIDS;

DROP SEQUENCE IF EXISTS spree_return_authorizations_id_seq CASCADE;
CREATE SEQUENCE spree_return_authorizations_id_seq INCREMENT BY 1
                                  NO MAXVALUE NO MINVALUE CACHE 1;
SELECT pg_catalog.setval('spree_return_authorizations_id_seq', 1, true);

-- Table: spree_return_authorizations
DROP TABLE IF EXISTS "spree_return_authorizations" CASCADE;
CREATE TABLE "spree_return_authorizations" (
  "id" integer DEFAULT nextval('spree_return_authorizations_id_seq'::regclass) NOT NULL,
  "number" character varying(255),
  "state" character varying(255),
  "order_id" integer,
  "memo" text,
  "created_at" timestamp without time zone,
  "updated_at" timestamp without time zone,
  "stock_location_id" integer,
  "return_authorization_reason_id" integer
)
WITHOUT OIDS;

DROP SEQUENCE IF EXISTS spree_return_items_id_seq CASCADE;
CREATE SEQUENCE spree_return_items_id_seq INCREMENT BY 1
                                  NO MAXVALUE NO MINVALUE CACHE 1;
SELECT pg_catalog.setval('spree_return_items_id_seq', 1, true);

-- Table: spree_return_items
DROP TABLE IF EXISTS "spree_return_items" CASCADE;
CREATE TABLE "spree_return_items" (
  "id" integer DEFAULT nextval('spree_return_items_id_seq'::regclass) NOT NULL,
  "return_authorization_id" integer,
  "inventory_unit_id" integer,
  "exchange_variant_id" integer,
  "created_at" timestamp without time zone NOT NULL,
  "updated_at" timestamp without time zone NOT NULL,
  "pre_tax_amount" numeric(12, 4) DEFAULT 0.0000 NOT NULL,
  "included_tax_total" numeric(12, 4) DEFAULT 0.0000 NOT NULL,
  "additional_tax_total" numeric(12, 4) DEFAULT 0.0000 NOT NULL,
  "reception_status" character varying(255),
  "acceptance_status" character varying(255),
  "customer_return_id" integer,
  "reimbursement_id" integer,
  "exchange_inventory_unit_id" integer,
  "acceptance_status_errors" text,
  "preferred_reimbursement_type_id" integer,
  "override_reimbursement_type_id" integer,
  "resellable" boolean DEFAULT true NOT NULL
)
WITHOUT OIDS;

DROP SEQUENCE IF EXISTS spree_reviews_id_seq CASCADE;
CREATE SEQUENCE spree_reviews_id_seq INCREMENT BY 1
                                  NO MAXVALUE NO MINVALUE CACHE 1;
SELECT pg_catalog.setval('spree_reviews_id_seq', 2, true);

-- Table: spree_reviews
DROP TABLE IF EXISTS "spree_reviews" CASCADE;
CREATE TABLE "spree_reviews" (
  "id" integer DEFAULT nextval('spree_reviews_id_seq'::regclass) NOT NULL,
  "product_id" integer,
  "name" character varying(255),
  "location" character varying(255),
  "rating" integer,
  "title" text,
  "review" text,
  "approved" boolean DEFAULT false,
  "created_at" timestamp without time zone NOT NULL,
  "updated_at" timestamp without time zone NOT NULL,
  "user_id" integer,
  "ip_address" character varying(255),
  "locale" character varying(255) DEFAULT 'en'::character varying,
  "show_identifier" boolean DEFAULT true
)
WITHOUT OIDS;

DROP SEQUENCE IF EXISTS spree_roles_id_seq CASCADE;
CREATE SEQUENCE spree_roles_id_seq INCREMENT BY 1
                                  NO MAXVALUE NO MINVALUE CACHE 1;
SELECT pg_catalog.setval('spree_roles_id_seq', 3, true);

-- Table: spree_roles
DROP TABLE IF EXISTS "spree_roles" CASCADE;
CREATE TABLE "spree_roles" (
  "id" integer DEFAULT nextval('spree_roles_id_seq'::regclass) NOT NULL,
  "name" character varying(255)
)
WITHOUT OIDS;

-- Table: spree_roles_users
DROP TABLE IF EXISTS "spree_roles_users" CASCADE;
CREATE TABLE "spree_roles_users" (
  "role_id" integer,
  "user_id" integer
)
WITHOUT OIDS;

DROP SEQUENCE IF EXISTS spree_sales_app_configurations_id_seq CASCADE;
CREATE SEQUENCE spree_sales_app_configurations_id_seq INCREMENT BY 1
                                  NO MAXVALUE NO MINVALUE CACHE 1;
SELECT pg_catalog.setval('spree_sales_app_configurations_id_seq', 2, true);

-- Table: spree_sales_app_configurations
DROP TABLE IF EXISTS "spree_sales_app_configurations" CASCADE;
CREATE TABLE "spree_sales_app_configurations" (
  "id" integer DEFAULT nextval('spree_sales_app_configurations_id_seq'::regclass) NOT NULL,
  "states_checksum" character varying(255),
  "home_checksum" character varying(255),
  "taxonomies_checksum" character varying(255),
  "created_at" timestamp without time zone NOT NULL,
  "updated_at" timestamp without time zone NOT NULL
)
WITHOUT OIDS;

DROP SEQUENCE IF EXISTS spree_shipments_id_seq CASCADE;
CREATE SEQUENCE spree_shipments_id_seq INCREMENT BY 1
                                  NO MAXVALUE NO MINVALUE CACHE 1;
SELECT pg_catalog.setval('spree_shipments_id_seq', 28, true);

-- Table: spree_shipments
DROP TABLE IF EXISTS "spree_shipments" CASCADE;
CREATE TABLE "spree_shipments" (
  "id" integer DEFAULT nextval('spree_shipments_id_seq'::regclass) NOT NULL,
  "tracking" character varying(255),
  "number" character varying(255),
  "cost" numeric(10, 2) DEFAULT 0.00,
  "shipped_at" timestamp without time zone,
  "order_id" integer,
  "address_id" integer,
  "state" character varying(255),
  "created_at" timestamp without time zone NOT NULL,
  "updated_at" timestamp without time zone NOT NULL,
  "stock_location_id" integer,
  "adjustment_total" numeric(10, 2) DEFAULT 0.00,
  "additional_tax_total" numeric(10, 2) DEFAULT 0.00,
  "promo_total" numeric(10, 2) DEFAULT 0.00,
  "included_tax_total" numeric(10, 2) DEFAULT 0.00 NOT NULL,
  "pre_tax_amount" numeric(12, 4) DEFAULT 0.0000 NOT NULL
)
WITHOUT OIDS;

DROP SEQUENCE IF EXISTS spree_shipping_categories_id_seq CASCADE;
CREATE SEQUENCE spree_shipping_categories_id_seq INCREMENT BY 1
                                  NO MAXVALUE NO MINVALUE CACHE 1;
SELECT pg_catalog.setval('spree_shipping_categories_id_seq', 2, true);

-- Table: spree_shipping_categories
DROP TABLE IF EXISTS "spree_shipping_categories" CASCADE;
CREATE TABLE "spree_shipping_categories" (
  "id" integer DEFAULT nextval('spree_shipping_categories_id_seq'::regclass) NOT NULL,
  "name" character varying(255),
  "created_at" timestamp without time zone NOT NULL,
  "updated_at" timestamp without time zone NOT NULL
)
WITHOUT OIDS;

DROP SEQUENCE IF EXISTS spree_shipping_method_categories_id_seq CASCADE;
CREATE SEQUENCE spree_shipping_method_categories_id_seq INCREMENT BY 1
                                  NO MAXVALUE NO MINVALUE CACHE 1;
SELECT pg_catalog.setval('spree_shipping_method_categories_id_seq', 7, true);

-- Table: spree_shipping_method_categories
DROP TABLE IF EXISTS "spree_shipping_method_categories" CASCADE;
CREATE TABLE "spree_shipping_method_categories" (
  "id" integer DEFAULT nextval('spree_shipping_method_categories_id_seq'::regclass) NOT NULL,
  "shipping_method_id" integer NOT NULL,
  "shipping_category_id" integer NOT NULL,
  "created_at" timestamp without time zone NOT NULL,
  "updated_at" timestamp without time zone NOT NULL
)
WITHOUT OIDS;

DROP SEQUENCE IF EXISTS spree_shipping_methods_id_seq CASCADE;
CREATE SEQUENCE spree_shipping_methods_id_seq INCREMENT BY 1
                                  NO MAXVALUE NO MINVALUE CACHE 1;
SELECT pg_catalog.setval('spree_shipping_methods_id_seq', 7, true);

-- Table: spree_shipping_methods
DROP TABLE IF EXISTS "spree_shipping_methods" CASCADE;
CREATE TABLE "spree_shipping_methods" (
  "id" integer DEFAULT nextval('spree_shipping_methods_id_seq'::regclass) NOT NULL,
  "name" character varying(255),
  "display_on" character varying(255),
  "deleted_at" timestamp without time zone,
  "created_at" timestamp without time zone NOT NULL,
  "updated_at" timestamp without time zone NOT NULL,
  "tracking_url" character varying(255),
  "admin_name" character varying(255),
  "tax_category_id" integer,
  "code" character varying(255)
)
WITHOUT OIDS;

-- Table: spree_shipping_methods_zones
DROP TABLE IF EXISTS "spree_shipping_methods_zones" CASCADE;
CREATE TABLE "spree_shipping_methods_zones" (
  "shipping_method_id" integer,
  "zone_id" integer
)
WITHOUT OIDS;

DROP SEQUENCE IF EXISTS spree_shipping_rates_id_seq CASCADE;
CREATE SEQUENCE spree_shipping_rates_id_seq INCREMENT BY 1
                                  NO MAXVALUE NO MINVALUE CACHE 1;
SELECT pg_catalog.setval('spree_shipping_rates_id_seq', 50, true);

-- Table: spree_shipping_rates
DROP TABLE IF EXISTS "spree_shipping_rates" CASCADE;
CREATE TABLE "spree_shipping_rates" (
  "id" integer DEFAULT nextval('spree_shipping_rates_id_seq'::regclass) NOT NULL,
  "shipment_id" integer,
  "shipping_method_id" integer,
  "selected" boolean DEFAULT false,
  "cost" numeric(8, 2) DEFAULT 0.00,
  "created_at" timestamp without time zone NOT NULL,
  "updated_at" timestamp without time zone NOT NULL,
  "tax_rate_id" integer
)
WITHOUT OIDS;

DROP SEQUENCE IF EXISTS spree_skrill_transactions_id_seq CASCADE;
CREATE SEQUENCE spree_skrill_transactions_id_seq INCREMENT BY 1
                                  NO MAXVALUE NO MINVALUE CACHE 1;
SELECT pg_catalog.setval('spree_skrill_transactions_id_seq', 1, true);

-- Table: spree_skrill_transactions
DROP TABLE IF EXISTS "spree_skrill_transactions" CASCADE;
CREATE TABLE "spree_skrill_transactions" (
  "id" integer DEFAULT nextval('spree_skrill_transactions_id_seq'::regclass) NOT NULL,
  "email" character varying(255),
  "amount" real,
  "currency" character varying(255),
  "transaction_id" integer,
  "customer_id" integer,
  "payment_type" character varying(255),
  "created_at" timestamp without time zone,
  "updated_at" timestamp without time zone
)
WITHOUT OIDS;

DROP SEQUENCE IF EXISTS spree_state_changes_id_seq CASCADE;
CREATE SEQUENCE spree_state_changes_id_seq INCREMENT BY 1
                                  NO MAXVALUE NO MINVALUE CACHE 1;
SELECT pg_catalog.setval('spree_state_changes_id_seq', 87, true);

-- Table: spree_state_changes
DROP TABLE IF EXISTS "spree_state_changes" CASCADE;
CREATE TABLE "spree_state_changes" (
  "id" integer DEFAULT nextval('spree_state_changes_id_seq'::regclass) NOT NULL,
  "name" character varying(255),
  "previous_state" character varying(255),
  "stateful_id" integer,
  "user_id" integer,
  "stateful_type" character varying(255),
  "next_state" character varying(255),
  "created_at" timestamp without time zone NOT NULL,
  "updated_at" timestamp without time zone NOT NULL
)
WITHOUT OIDS;

DROP SEQUENCE IF EXISTS spree_states_id_seq CASCADE;
CREATE SEQUENCE spree_states_id_seq INCREMENT BY 1
                                  NO MAXVALUE NO MINVALUE CACHE 1;
SELECT pg_catalog.setval('spree_states_id_seq', 3777, true);

-- Table: spree_states
DROP TABLE IF EXISTS "spree_states" CASCADE;
CREATE TABLE "spree_states" (
  "id" integer DEFAULT nextval('spree_states_id_seq'::regclass) NOT NULL,
  "name" character varying(255),
  "abbr" character varying(255),
  "country_id" integer,
  "updated_at" timestamp without time zone
)
WITHOUT OIDS;

DROP SEQUENCE IF EXISTS spree_stock_items_id_seq CASCADE;
CREATE SEQUENCE spree_stock_items_id_seq INCREMENT BY 1
                                  NO MAXVALUE NO MINVALUE CACHE 1;
SELECT pg_catalog.setval('spree_stock_items_id_seq', 18, true);

-- Table: spree_stock_items
DROP TABLE IF EXISTS "spree_stock_items" CASCADE;
CREATE TABLE "spree_stock_items" (
  "id" integer DEFAULT nextval('spree_stock_items_id_seq'::regclass) NOT NULL,
  "stock_location_id" integer,
  "variant_id" integer,
  "count_on_hand" integer DEFAULT 0 NOT NULL,
  "created_at" timestamp without time zone NOT NULL,
  "updated_at" timestamp without time zone NOT NULL,
  "backorderable" boolean DEFAULT false,
  "deleted_at" timestamp without time zone
)
WITHOUT OIDS;

DROP SEQUENCE IF EXISTS spree_stock_locations_id_seq CASCADE;
CREATE SEQUENCE spree_stock_locations_id_seq INCREMENT BY 1
                                  NO MAXVALUE NO MINVALUE CACHE 1;
SELECT pg_catalog.setval('spree_stock_locations_id_seq', 2, true);

-- Table: spree_stock_locations
DROP TABLE IF EXISTS "spree_stock_locations" CASCADE;
CREATE TABLE "spree_stock_locations" (
  "id" integer DEFAULT nextval('spree_stock_locations_id_seq'::regclass) NOT NULL,
  "name" character varying(255),
  "created_at" timestamp without time zone NOT NULL,
  "updated_at" timestamp without time zone NOT NULL,
  "default" boolean DEFAULT false NOT NULL,
  "address1" character varying(255),
  "address2" character varying(255),
  "city" character varying(255),
  "state_id" integer,
  "state_name" character varying(255),
  "country_id" integer,
  "zipcode" character varying(255),
  "phone" character varying(255),
  "active" boolean DEFAULT true,
  "backorderable_default" boolean DEFAULT false,
  "propagate_all_variants" boolean DEFAULT true,
  "admin_name" character varying(255)
)
WITHOUT OIDS;

DROP SEQUENCE IF EXISTS spree_stock_movements_id_seq CASCADE;
CREATE SEQUENCE spree_stock_movements_id_seq INCREMENT BY 1
                                  NO MAXVALUE NO MINVALUE CACHE 1;
SELECT pg_catalog.setval('spree_stock_movements_id_seq', 15, true);

-- Table: spree_stock_movements
DROP TABLE IF EXISTS "spree_stock_movements" CASCADE;
CREATE TABLE "spree_stock_movements" (
  "id" integer DEFAULT nextval('spree_stock_movements_id_seq'::regclass) NOT NULL,
  "stock_item_id" integer,
  "quantity" integer DEFAULT 0,
  "action" character varying(255),
  "created_at" timestamp without time zone NOT NULL,
  "updated_at" timestamp without time zone NOT NULL,
  "originator_id" integer,
  "originator_type" character varying(255)
)
WITHOUT OIDS;

DROP SEQUENCE IF EXISTS spree_stock_transfers_id_seq CASCADE;
CREATE SEQUENCE spree_stock_transfers_id_seq INCREMENT BY 1
                                  NO MAXVALUE NO MINVALUE CACHE 1;
SELECT pg_catalog.setval('spree_stock_transfers_id_seq', 1, true);

-- Table: spree_stock_transfers
DROP TABLE IF EXISTS "spree_stock_transfers" CASCADE;
CREATE TABLE "spree_stock_transfers" (
  "id" integer DEFAULT nextval('spree_stock_transfers_id_seq'::regclass) NOT NULL,
  "type" character varying(255),
  "reference" character varying(255),
  "source_location_id" integer,
  "destination_location_id" integer,
  "created_at" timestamp without time zone NOT NULL,
  "updated_at" timestamp without time zone NOT NULL,
  "number" character varying(255)
)
WITHOUT OIDS;

DROP SEQUENCE IF EXISTS spree_stores_id_seq CASCADE;
CREATE SEQUENCE spree_stores_id_seq INCREMENT BY 1
                                  NO MAXVALUE NO MINVALUE CACHE 1;
SELECT pg_catalog.setval('spree_stores_id_seq', 2, true);

-- Table: spree_stores
DROP TABLE IF EXISTS "spree_stores" CASCADE;
CREATE TABLE "spree_stores" (
  "id" integer DEFAULT nextval('spree_stores_id_seq'::regclass) NOT NULL,
  "name" character varying(255),
  "url" character varying(255),
  "meta_description" text,
  "meta_keywords" text,
  "seo_title" character varying(255),
  "mail_from_address" character varying(255),
  "default_currency" character varying(255),
  "code" character varying(255),
  "default" boolean DEFAULT false NOT NULL,
  "created_at" timestamp without time zone NOT NULL,
  "updated_at" timestamp without time zone NOT NULL
)
WITHOUT OIDS;

DROP SEQUENCE IF EXISTS spree_tax_categories_id_seq CASCADE;
CREATE SEQUENCE spree_tax_categories_id_seq INCREMENT BY 1
                                  NO MAXVALUE NO MINVALUE CACHE 1;
SELECT pg_catalog.setval('spree_tax_categories_id_seq', 3, true);

-- Table: spree_tax_categories
DROP TABLE IF EXISTS "spree_tax_categories" CASCADE;
CREATE TABLE "spree_tax_categories" (
  "id" integer DEFAULT nextval('spree_tax_categories_id_seq'::regclass) NOT NULL,
  "name" character varying(255),
  "description" character varying(255),
  "is_default" boolean DEFAULT false,
  "deleted_at" timestamp without time zone,
  "created_at" timestamp without time zone NOT NULL,
  "updated_at" timestamp without time zone NOT NULL,
  "tax_code" character varying(255)
)
WITHOUT OIDS;

DROP SEQUENCE IF EXISTS spree_tax_rates_id_seq CASCADE;
CREATE SEQUENCE spree_tax_rates_id_seq INCREMENT BY 1
                                  NO MAXVALUE NO MINVALUE CACHE 1;
SELECT pg_catalog.setval('spree_tax_rates_id_seq', 2, true);

-- Table: spree_tax_rates
DROP TABLE IF EXISTS "spree_tax_rates" CASCADE;
CREATE TABLE "spree_tax_rates" (
  "id" integer DEFAULT nextval('spree_tax_rates_id_seq'::regclass) NOT NULL,
  "amount" numeric(8, 5),
  "zone_id" integer,
  "tax_category_id" integer,
  "included_in_price" boolean DEFAULT false,
  "created_at" timestamp without time zone NOT NULL,
  "updated_at" timestamp without time zone NOT NULL,
  "name" character varying(255),
  "show_rate_in_label" boolean DEFAULT true,
  "deleted_at" timestamp without time zone
)
WITHOUT OIDS;

DROP SEQUENCE IF EXISTS spree_taxonomies_id_seq CASCADE;
CREATE SEQUENCE spree_taxonomies_id_seq INCREMENT BY 1
                                  NO MAXVALUE NO MINVALUE CACHE 1;
SELECT pg_catalog.setval('spree_taxonomies_id_seq', 3, true);

-- Table: spree_taxonomies
DROP TABLE IF EXISTS "spree_taxonomies" CASCADE;
CREATE TABLE "spree_taxonomies" (
  "id" integer DEFAULT nextval('spree_taxonomies_id_seq'::regclass) NOT NULL,
  "name" character varying(255) NOT NULL,
  "created_at" timestamp without time zone NOT NULL,
  "updated_at" timestamp without time zone NOT NULL,
  "position" integer DEFAULT 0
)
WITHOUT OIDS;

DROP SEQUENCE IF EXISTS spree_taxons_id_seq CASCADE;
CREATE SEQUENCE spree_taxons_id_seq INCREMENT BY 1
                                  NO MAXVALUE NO MINVALUE CACHE 1;
SELECT pg_catalog.setval('spree_taxons_id_seq', 12, true);

-- Table: spree_taxons
DROP TABLE IF EXISTS "spree_taxons" CASCADE;
CREATE TABLE "spree_taxons" (
  "id" integer DEFAULT nextval('spree_taxons_id_seq'::regclass) NOT NULL,
  "parent_id" integer,
  "position" integer DEFAULT 0,
  "name" character varying(255) NOT NULL,
  "permalink" character varying(255),
  "taxonomy_id" integer,
  "lft" integer,
  "rgt" integer,
  "icon_file_name" character varying(255),
  "icon_content_type" character varying(255),
  "icon_file_size" integer,
  "icon_updated_at" timestamp without time zone,
  "description" text,
  "created_at" timestamp without time zone NOT NULL,
  "updated_at" timestamp without time zone NOT NULL,
  "meta_title" character varying(255),
  "meta_description" character varying(255),
  "meta_keywords" character varying(255),
  "depth" integer,
  "suggestable" boolean DEFAULT false
)
WITHOUT OIDS;

DROP SEQUENCE IF EXISTS spree_taxons_promotion_rules_id_seq CASCADE;
CREATE SEQUENCE spree_taxons_promotion_rules_id_seq INCREMENT BY 1
                                  NO MAXVALUE NO MINVALUE CACHE 1;
SELECT pg_catalog.setval('spree_taxons_promotion_rules_id_seq', 1, true);

-- Table: spree_taxons_promotion_rules
DROP TABLE IF EXISTS "spree_taxons_promotion_rules" CASCADE;
CREATE TABLE "spree_taxons_promotion_rules" (
  "id" integer DEFAULT nextval('spree_taxons_promotion_rules_id_seq'::regclass) NOT NULL,
  "taxon_id" integer,
  "promotion_rule_id" integer
)
WITHOUT OIDS;

DROP SEQUENCE IF EXISTS spree_taxons_prototypes_id_seq CASCADE;
CREATE SEQUENCE spree_taxons_prototypes_id_seq INCREMENT BY 1
                                  NO MAXVALUE NO MINVALUE CACHE 1;
SELECT pg_catalog.setval('spree_taxons_prototypes_id_seq', 1, true);

-- Table: spree_taxons_prototypes
DROP TABLE IF EXISTS "spree_taxons_prototypes" CASCADE;
CREATE TABLE "spree_taxons_prototypes" (
  "id" integer DEFAULT nextval('spree_taxons_prototypes_id_seq'::regclass) NOT NULL,
  "taxon_id" integer,
  "prototype_id" integer
)
WITHOUT OIDS;

DROP SEQUENCE IF EXISTS spree_trackers_id_seq CASCADE;
CREATE SEQUENCE spree_trackers_id_seq INCREMENT BY 1
                                  NO MAXVALUE NO MINVALUE CACHE 1;
SELECT pg_catalog.setval('spree_trackers_id_seq', 1, true);

-- Table: spree_trackers
DROP TABLE IF EXISTS "spree_trackers" CASCADE;
CREATE TABLE "spree_trackers" (
  "id" integer DEFAULT nextval('spree_trackers_id_seq'::regclass) NOT NULL,
  "analytics_id" character varying(255),
  "active" boolean DEFAULT true,
  "created_at" timestamp without time zone NOT NULL,
  "updated_at" timestamp without time zone NOT NULL
)
WITHOUT OIDS;

DROP SEQUENCE IF EXISTS spree_user_authentications_id_seq CASCADE;
CREATE SEQUENCE spree_user_authentications_id_seq INCREMENT BY 1
                                  NO MAXVALUE NO MINVALUE CACHE 1;
SELECT pg_catalog.setval('spree_user_authentications_id_seq', 1, true);

-- Table: spree_user_authentications
DROP TABLE IF EXISTS "spree_user_authentications" CASCADE;
CREATE TABLE "spree_user_authentications" (
  "id" integer DEFAULT nextval('spree_user_authentications_id_seq'::regclass) NOT NULL,
  "uid" character varying(255),
  "provider" character varying(255),
  "user_id" integer,
  "profile_pic_url" character varying(255)
)
WITHOUT OIDS;

DROP SEQUENCE IF EXISTS spree_users_id_seq CASCADE;
CREATE SEQUENCE spree_users_id_seq INCREMENT BY 1
                                  NO MAXVALUE NO MINVALUE CACHE 1;
SELECT pg_catalog.setval('spree_users_id_seq', 9, true);

-- Table: spree_users
DROP TABLE IF EXISTS "spree_users" CASCADE;
CREATE TABLE "spree_users" (
  "id" integer DEFAULT nextval('spree_users_id_seq'::regclass) NOT NULL,
  "encrypted_password" character varying(128),
  "password_salt" character varying(128),
  "email" character varying(255),
  "remember_token" character varying(255),
  "persistence_token" character varying(255),
  "reset_password_token" character varying(255),
  "perishable_token" character varying(255),
  "sign_in_count" integer DEFAULT 0 NOT NULL,
  "failed_attempts" integer DEFAULT 0 NOT NULL,
  "last_request_at" timestamp without time zone,
  "current_sign_in_at" timestamp without time zone,
  "last_sign_in_at" timestamp without time zone,
  "current_sign_in_ip" character varying(255),
  "last_sign_in_ip" character varying(255),
  "login" character varying(255),
  "ship_address_id" integer,
  "bill_address_id" integer,
  "authentication_token" character varying(255),
  "unlock_token" character varying(255),
  "locked_at" timestamp without time zone,
  "reset_password_sent_at" timestamp without time zone,
  "created_at" timestamp without time zone NOT NULL,
  "updated_at" timestamp without time zone NOT NULL,
  "spree_api_key" character varying(48),
  "remember_created_at" timestamp without time zone,
  "deleted_at" timestamp without time zone,
  "confirmation_token" character varying(255),
  "confirmed_at" timestamp without time zone,
  "confirmation_sent_at" timestamp without time zone,
  "full_name" character varying(255),
  "phone" character varying(255)
)
WITHOUT OIDS;

DROP SEQUENCE IF EXISTS spree_variants_id_seq CASCADE;
CREATE SEQUENCE spree_variants_id_seq INCREMENT BY 1
                                  NO MAXVALUE NO MINVALUE CACHE 1;
SELECT pg_catalog.setval('spree_variants_id_seq', 18, true);

-- Table: spree_variants
DROP TABLE IF EXISTS "spree_variants" CASCADE;
CREATE TABLE "spree_variants" (
  "id" integer DEFAULT nextval('spree_variants_id_seq'::regclass) NOT NULL,
  "sku" character varying(255) DEFAULT ''::character varying NOT NULL,
  "weight" numeric(8, 2) DEFAULT 0.00,
  "height" numeric(8, 2),
  "width" numeric(8, 2),
  "depth" numeric(8, 2),
  "deleted_at" timestamp without time zone,
  "is_master" boolean DEFAULT false,
  "product_id" integer,
  "cost_price" numeric(10, 2),
  "cost_currency" character varying(255),
  "position" integer,
  "track_inventory" boolean DEFAULT true,
  "tax_category_id" integer,
  "updated_at" timestamp without time zone,
  "stock_items_count" integer DEFAULT 0 NOT NULL
)
WITHOUT OIDS;

DROP SEQUENCE IF EXISTS spree_wished_products_id_seq CASCADE;
CREATE SEQUENCE spree_wished_products_id_seq INCREMENT BY 1
                                  NO MAXVALUE NO MINVALUE CACHE 1;
SELECT pg_catalog.setval('spree_wished_products_id_seq', 3, true);

-- Table: spree_wished_products
DROP TABLE IF EXISTS "spree_wished_products" CASCADE;
CREATE TABLE "spree_wished_products" (
  "id" integer DEFAULT nextval('spree_wished_products_id_seq'::regclass) NOT NULL,
  "variant_id" integer,
  "wishlist_id" integer,
  "remark" text,
  "created_at" timestamp without time zone NOT NULL,
  "updated_at" timestamp without time zone NOT NULL,
  "quantity" integer DEFAULT 1 NOT NULL
)
WITHOUT OIDS;

DROP SEQUENCE IF EXISTS spree_wishlists_id_seq CASCADE;
CREATE SEQUENCE spree_wishlists_id_seq INCREMENT BY 1
                                  NO MAXVALUE NO MINVALUE CACHE 1;
SELECT pg_catalog.setval('spree_wishlists_id_seq', 3, true);

-- Table: spree_wishlists
DROP TABLE IF EXISTS "spree_wishlists" CASCADE;
CREATE TABLE "spree_wishlists" (
  "id" integer DEFAULT nextval('spree_wishlists_id_seq'::regclass) NOT NULL,
  "user_id" integer,
  "name" character varying(255),
  "access_hash" character varying(255),
  "is_private" boolean DEFAULT true NOT NULL,
  "is_default" boolean DEFAULT false NOT NULL,
  "created_at" timestamp without time zone NOT NULL,
  "updated_at" timestamp without time zone NOT NULL
)
WITHOUT OIDS;

DROP SEQUENCE IF EXISTS spree_zone_members_id_seq CASCADE;
CREATE SEQUENCE spree_zone_members_id_seq INCREMENT BY 1
                                  NO MAXVALUE NO MINVALUE CACHE 1;
SELECT pg_catalog.setval('spree_zone_members_id_seq', 29, true);

-- Table: spree_zone_members
DROP TABLE IF EXISTS "spree_zone_members" CASCADE;
CREATE TABLE "spree_zone_members" (
  "id" integer DEFAULT nextval('spree_zone_members_id_seq'::regclass) NOT NULL,
  "zoneable_id" integer,
  "zoneable_type" character varying(255),
  "zone_id" integer,
  "created_at" timestamp without time zone NOT NULL,
  "updated_at" timestamp without time zone NOT NULL
)
WITHOUT OIDS;

DROP SEQUENCE IF EXISTS spree_zones_id_seq CASCADE;
CREATE SEQUENCE spree_zones_id_seq INCREMENT BY 1
                                  NO MAXVALUE NO MINVALUE CACHE 1;
SELECT pg_catalog.setval('spree_zones_id_seq', 4, true);

-- Table: spree_zones
DROP TABLE IF EXISTS "spree_zones" CASCADE;
CREATE TABLE "spree_zones" (
  "id" integer DEFAULT nextval('spree_zones_id_seq'::regclass) NOT NULL,
  "name" character varying(255),
  "description" character varying(255),
  "default_tax" boolean DEFAULT false,
  "zone_members_count" integer DEFAULT 0,
  "created_at" timestamp without time zone NOT NULL,
  "updated_at" timestamp without time zone NOT NULL,
  "kind" character varying(255)
)
WITHOUT OIDS;

--
-- Data for Name: friendly_id_slugs; Type: TABLE DATA;
--

COPY "friendly_id_slugs" ("id", "slug", "sluggable_id", "sluggable_type", "scope", "created_at", "deleted_at") FROM stdin;
1	ruby-on-rails-tote	1	Spree::Product	\N	2017-01-29T07:39:33	\N
2	ruby-on-rails-bag	2	Spree::Product	\N	2017-01-29T07:39:33	\N
3	ruby-on-rails-baseball-jersey	3	Spree::Product	\N	2017-01-29T07:39:34	\N
4	ruby-on-rails-jr-spaghetti	4	Spree::Product	\N	2017-01-29T07:39:34	\N
5	ruby-on-rails-ringer-t-shirt	5	Spree::Product	\N	2017-01-29T07:39:34	\N
6	ruby-baseball-jersey	6	Spree::Product	\N	2017-01-29T07:39:34	\N
7	apache-baseball-jersey	7	Spree::Product	\N	2017-01-29T07:39:35	\N
8	spree-baseball-jersey	8	Spree::Product	\N	2017-01-29T07:39:35	\N
9	spree-jr-spaghetti	9	Spree::Product	\N	2017-01-29T07:39:35	\N
10	spree-ringer-t-shirt	10	Spree::Product	\N	2017-01-29T07:39:37	\N
11	spree-tote	11	Spree::Product	\N	2017-01-29T07:39:37	\N
12	spree-bag	12	Spree::Product	\N	2017-01-29T07:39:37	\N
13	ruby-on-rails-mug	13	Spree::Product	\N	2017-01-29T07:39:38	\N
14	ruby-on-rails-stein	14	Spree::Product	\N	2017-01-29T07:39:38	\N
15	spree-stein	15	Spree::Product	\N	2017-01-29T07:39:38	\N
16	spree-mug	16	Spree::Product	\N	2017-01-29T07:39:38	\N
\.


--
-- Data for Name: schema_migrations; Type: TABLE DATA;
--

COPY "schema_migrations" ("version") FROM stdin;
20151008074508
20151008074509
20151008074510
20151008074511
20151008074512
20151008074513
20151008074514
20151008074515
20151008074516
20151008074517
20151008074518
20151008074519
20151008074520
20151008074521
20151008074522
20151008074523
20151008074524
20151008074525
20151008074526
20151008074527
20151008074528
20151008074529
20151008074530
20151008074531
20151008074532
20151008074533
20151008074534
20151008074535
20151008074536
20151008074537
20151008074538
20151008074539
20151008074540
20151008074541
20151008074542
20151008074543
20151008074544
20151008074545
20151008074546
20151008074547
20151008074548
20151008074549
20151008074550
20151008074551
20151008074552
20151008074553
20151008074554
20151008074555
20151008074556
20151008074557
20151008074558
20151008074559
20151008074560
20151008074561
20151008074562
20151008074563
20151008074564
20151008074565
20151008074566
20151008074567
20151008074568
20151008074569
20151008074570
20151008074571
20151008074572
20151008074573
20151008074574
20151008074575
20151008074576
20151008074577
20151008074578
20151008074579
20151008074580
20151008074581
20151008074582
20151008074583
20151008074584
20151008074585
20151008074586
20151008074587
20151008074588
20151008074589
20151008074590
20151008074591
20151008074592
20151008074593
20151008074594
20151008074595
20151008074596
20151008074597
20151008074598
20151008074599
20151008074600
20151008074601
20151008074602
20151008074603
20151008074604
20151008074605
20151008074606
20151008074607
20151008074608
20151008074609
20151008074610
20151008074611
20151008074612
20151008074613
20151008074614
20151008074615
20151008074616
20151008074617
20151008074618
20151008074619
20151008074620
20151008074621
20151008074622
20151008074623
20151008074624
20151008074625
20151008074626
20151008074627
20151008074628
20151008074629
20151008074630
20151008074631
20151008074632
20151008074633
20151008074634
20151008074635
20151008074636
20151008074637
20151008074638
20151008074639
20151008074640
20151008074641
20151008074642
20151008074643
20151008074644
20151008074645
20151008074646
20151008074647
20151008074648
20151008074649
20151008074650
20151008074651
20151008074652
20151008074653
20151008074654
20151008074655
20151008074656
20151008074657
20151008074658
20151008074659
20151008074660
20151008074661
20151008074662
20151008074663
20151008074664
20151008074665
20151008074666
20151008074667
20151008074668
20151008074669
20151008074670
20151008074671
20151008074672
20151008074673
20151008074674
20151008074675
20151008074676
20151008074677
20151008074678
20151008074679
20151008074680
20151008074681
20151008074682
20151008074683
20151008074684
20151008074685
20151008074686
20151008074687
20151008074688
20151008074689
20151008074690
20151008074691
20151008074692
20151008074693
20151008074694
20151008074695
20151008074696
20151008074697
20151008074698
20151008074699
20151008074700
20151008074701
20151008074702
20151008074703
20151008074704
20151008074705
20151008074706
20151008074707
20151008074708
20151008074709
20151008074710
20151008074711
20151008074712
20151008074713
20151008074714
20151008074715
20151008074716
20151008074717
20151008074718
20151008074719
20151008074720
20151008074721
20151008074722
20151008074723
20151008074724
20151008074725
20151008074726
20151008074727
20151008074728
20151008074729
20151008074730
20151103093647
20151104111033
20151104111142
20151105081930
20151106101132
20151109100612
20151109101109
20151113122304
20151116142831
20151116143624
20151117073625
20151118105131
20151120122321
20151123091816
20151126064118
20151126103815
20151127060250
20151127144720
20151209082801
20151210125705
20151210125706
20151210125707
20151210125708
20151210125709
20151210125710
20151210125711
20151210125712
20151210125713
20151210125714
20151210140236
20151218104909
20160119125923
20160129074954
20160831133224
20160831133225
20160831133226
20160831133227
20160831133228
20160831133229
\.


--
-- Data for Name: spree_addresses; Type: TABLE DATA;
--

COPY "spree_addresses" ("id", "firstname", "lastname", "address1", "address2", "city", "zipcode", "phone", "state_name", "alternative_phone", "company", "state_id", "country_id", "created_at", "updated_at", "user_id", "deleted_at") FROM stdin;
1	Kaustubh	Kabra	2280 Southwest 32nd Avenue, Apt 214, Apt 214, Apt 214, Apt 214	Apt 214	Miami	33145	7867199135	\N	\N	\N	3534	232	2017-01-29T07:53:56	2017-01-29T07:53:56	\N	\N
2	Kaustubh	Kabra	B 501 Mirabel	Check	Pune	33145	8237693220	\N	\N	\N	3525	232	2017-01-29T07:59:15	2017-01-30T16:28:24	2	\N
3	Kaustubh	Kabra	2280 Southwest 32nd Avenue, Apt 214, Apt 214, Apt 214, Apt 214	Apt 214	Miami	33145	7867199135	\N	\N	\N	3534	232	2017-01-29T08:26:04	2017-01-29T08:26:29	4	\N
4	Kaustubh	Kabra	2280 Southwest 32nd Avenue, Apt 214, Apt 214, Apt 214, Apt 214	Apt 214	Miami	33145	7867199135	\N	\N	\N	3534	232	2017-01-30T15:39:13	2017-01-30T15:39:19	\N	\N
5	\N	\N	\N	\N	\N	\N	\N	\N	\N	\N	\N	232	2017-01-30T15:39:13	2017-01-30T15:39:13	\N	\N
6	Kaustubh	Kabra	2280 	SW 32 Ave	Miami	33145	7867199135	\N	\N	\N	3534	232	2017-01-30T16:36:21	2017-01-30T16:36:21	2	\N
7	S	J	2280 	SW 32 Ave	Miami	33145	7867199135	\N	\N	\N	3534	232	2017-01-30T17:33:43	2017-01-30T17:33:43	5	\N
8	Kaustubh	Kabra	2280 Southwest 32nd Avenue, Apt 214, Apt 214, Apt 214, Apt 214	Apt 214	Miami	33145	7867199135	\N	\N	\N	3534	232	2017-01-30T17:35:19	2017-01-30T17:35:26	\N	\N
9	\N	\N	\N	\N	\N	\N	\N	\N	\N	\N	\N	232	2017-01-30T17:35:19	2017-01-30T17:35:19	\N	\N
10	Kaustubh	Kabra	2280 Southwest 32nd Avenue, Apt 214, Apt 214, Apt 214, Apt 214	Apt 214	Miami	33145	7867199135	\N	\N	\N	3534	232	2017-01-30T17:46:38	2017-01-30T17:46:38	\N	\N
11	Kaustubh	Kabra	2280	SW	Miami	33145	7867199135	\N	\N	\N	3526	232	2017-01-30T17:51:27	2017-01-30T17:51:27	7	\N
12	Kaustubh	Kabra	2280 SW 32 Ave	Apt 214	Pune	411045	8237693220	\N	\N	\N	1400	105	2017-01-30T20:48:04	2017-01-30T20:48:04	8	\N
\.


--
-- Data for Name: spree_adjustments; Type: TABLE DATA;
--

COPY "spree_adjustments" ("id", "source_id", "source_type", "adjustable_id", "adjustable_type", "amount", "label", "mandatory", "eligible", "created_at", "updated_at", "state", "order_id", "included") FROM stdin;
2	1	Spree::TaxRate	1	Spree::LineItem	0.80	North America 5.0%	\N	t	2017-01-29T07:53:56	2017-01-29T07:56:01	closed	1	f
13	1	Spree::TaxRate	3	Spree::LineItem	1.60	North America 5.0%	\N	t	2017-01-29T08:59:57	2017-01-29T09:00:07	closed	4	f
14	1	Spree::TaxRate	6	Spree::LineItem	1.15	North America 5.0%	\N	t	2017-01-29T08:59:57	2017-01-29T09:00:07	closed	4	f
16	1	Spree::TaxRate	7	Spree::LineItem	1.15	North America 5.0%	\N	t	2017-01-29T09:00:22	2017-01-29T09:00:22	open	8	f
18	1	Spree::TaxRate	11	Spree::LineItem	0.80	North America 5.0%	\N	t	2017-01-30T15:39:21	2017-01-30T15:39:31	closed	11	f
20	1	Spree::TaxRate	13	Spree::LineItem	0.80	North America 5.0%	\N	t	2017-01-30T17:35:27	2017-01-30T17:35:27	open	14	f
24	1	Spree::TaxRate	16	Spree::LineItem	0.80	North America 5.0%	\N	t	2017-01-30T17:49:30	2017-01-30T17:49:48	closed	17	f
26	1	Spree::TaxRate	19	Spree::LineItem	1.00	North America 5.0%	\N	t	2017-01-30T20:27:02	2017-01-30T20:27:07	closed	10	f
28	1	Spree::TaxRate	20	Spree::LineItem	1.00	North America 5.0%	\N	t	2017-01-30T20:27:35	2017-01-30T20:27:39	closed	19	f
35	1	Spree::TaxRate	21	Spree::LineItem	0.80	North America 5.0%	\N	t	2017-01-30T20:28:38	2017-01-30T20:28:43	closed	20	f
40	1	Spree::TaxRate	22	Spree::LineItem	1.00	North America 5.0%	\N	t	2017-01-30T20:31:06	2017-01-30T20:31:06	open	21	f
\.


--
-- Data for Name: spree_assets; Type: TABLE DATA;
--

COPY "spree_assets" ("id", "viewable_id", "viewable_type", "attachment_width", "attachment_height", "attachment_file_size", "position", "attachment_content_type", "attachment_file_name", "type", "attachment_updated_at", "alt", "created_at", "updated_at") FROM stdin;
\.


--
-- Data for Name: spree_banner_types; Type: TABLE DATA;
--

COPY "spree_banner_types" ("id", "name", "presentation", "created_at", "updated_at") FROM stdin;
1	promo_offer_banner	Promo offer banner	2017-01-29T07:39:27	2017-01-29T07:39:27
2	brand_offer_banner	Brand offer banner	2017-01-29T07:39:27	2017-01-29T07:39:27
3	new_arrival_banner	New arrival banner	2017-01-29T07:39:27	2017-01-29T07:39:27
4	category_offer_banner	Category offer banner	2017-01-29T07:39:27	2017-01-29T07:39:27
\.


--
-- Data for Name: spree_banners; Type: TABLE DATA;
--

COPY "spree_banners" ("id", "target_url", "created_at", "updated_at", "image_file_name", "image_content_type", "image_file_size", "image_updated_at", "type_id") FROM stdin;
1	http://shop-spree.herokuapp.com/api/ams/products?q[taxon_name_in][]=\\"Shirts\\"	2017-01-29T11:56:27	2017-01-29T11:56:27	TEst	png	200	2017-01-29T11:56:27	1
\.


--
-- Data for Name: spree_calculators; Type: TABLE DATA;
--

COPY "spree_calculators" ("id", "type", "calculable_id", "calculable_type", "created_at", "updated_at", "preferences", "deleted_at") FROM stdin;
1	Spree::Calculator::Shipping::FlatRate	1	Spree::ShippingMethod	2017-01-29T07:39:32	2017-01-29T07:39:32	---\n:amount: 5\n:currency: USD\n	\N
2	Spree::Calculator::Shipping::FlatRate	2	Spree::ShippingMethod	2017-01-29T07:39:32	2017-01-29T07:39:32	---\n:amount: 10\n:currency: USD\n	\N
3	Spree::Calculator::Shipping::FlatRate	3	Spree::ShippingMethod	2017-01-29T07:39:32	2017-01-29T07:39:32	---\n:amount: 15\n:currency: USD\n	\N
4	Spree::Calculator::Shipping::FlatRate	4	Spree::ShippingMethod	2017-01-29T07:39:32	2017-01-29T07:39:32	---\n:amount: 5\n:currency: USD\n	\N
5	Spree::Calculator::Shipping::FlatRate	5	Spree::ShippingMethod	2017-01-29T07:39:32	2017-01-29T07:39:32	---\n:amount: 8\n:currency: EUR\n	\N
6	Spree::Calculator::DefaultTax	1	Spree::TaxRate	2017-01-29T07:39:33	2017-01-29T07:39:33	\N	\N
7	Spree::Calculator::Shipping::FlexiRate	6	Spree::ShippingMethod	2017-01-29T08:57:39	2017-01-29T08:57:39	---\n:currency: USD\n:first_item: 0.0\n:additional_item: 0.0\n:max_items: 0\n	\N
\.


--
-- Data for Name: spree_countries; Type: TABLE DATA;
--

COPY "spree_countries" ("id", "iso_name", "iso", "iso3", "name", "numcode", "states_required", "updated_at") FROM stdin;
1	ANDORRA	AD	AND	Andorra	20	t	\N
2	UNITED ARAB EMIRATES	AE	ARE	United Arab Emirates	784	t	\N
3	AFGHANISTAN	AF	AFG	Afghanistan	4	t	\N
4	ANTIGUA AND BARBUDA	AG	ATG	Antigua and Barbuda	28	t	\N
5	ANGUILLA	AI	AIA	Anguilla	660	f	\N
6	ALBANIA	AL	ALB	Albania	8	t	\N
7	ARMENIA	AM	ARM	Armenia	51	t	\N
8	ANGOLA	AO	AGO	Angola	24	t	\N
9	ANTARCTICA	AQ	ATA	Antarctica	10	f	\N
10	ARGENTINA	AR	ARG	Argentina	32	t	\N
11	AMERICAN SAMOA	AS	ASM	American Samoa	16	f	\N
12	AUSTRIA	AT	AUT	Austria	40	t	\N
13	AUSTRALIA	AU	AUS	Australia	36	t	\N
14	ARUBA	AW	ABW	Aruba	533	f	\N
15	LAND ISLANDS	AX	ALA	land Islands	248	f	\N
16	AZERBAIJAN	AZ	AZE	Azerbaijan	31	t	\N
17	BOSNIA AND HERZEGOVINA	BA	BIH	Bosnia and Herzegovina	70	t	\N
18	BARBADOS	BB	BRB	Barbados	52	t	\N
19	BANGLADESH	BD	BGD	Bangladesh	50	t	\N
20	BELGIUM	BE	BEL	Belgium	56	t	\N
21	BURKINA FASO	BF	BFA	Burkina Faso	854	t	\N
22	BULGARIA	BG	BGR	Bulgaria	100	t	\N
23	BAHRAIN	BH	BHR	Bahrain	48	t	\N
24	BURUNDI	BI	BDI	Burundi	108	t	\N
25	BENIN	BJ	BEN	Benin	204	t	\N
26	SAINT BARTHLEMY	BL	BLM	Saint Barthlemy	652	f	\N
27	BERMUDA	BM	BMU	Bermuda	60	f	\N
28	BRUNEI DARUSSALAM	BN	BRN	Brunei Darussalam	96	t	\N
29	BOLIVIA, PLURINATIONAL STATE OF	BO	BOL	Bolivia, Plurinational State of	68	t	\N
30	BONAIRE, SINT EUSTATIUS AND SABA	BQ	BES	Bonaire, Sint Eustatius and Saba	535	t	\N
31	BRAZIL	BR	BRA	Brazil	76	t	\N
32	BAHAMAS	BS	BHS	Bahamas	44	t	\N
33	BHUTAN	BT	BTN	Bhutan	64	t	\N
34	BOUVET ISLAND	BV	BVT	Bouvet Island	74	f	\N
35	BOTSWANA	BW	BWA	Botswana	72	t	\N
36	BELARUS	BY	BLR	Belarus	112	t	\N
37	BELIZE	BZ	BLZ	Belize	84	t	\N
38	CANADA	CA	CAN	Canada	124	t	\N
39	COCOS (KEELING) ISLANDS	CC	CCK	Cocos (Keeling) Islands	166	f	\N
40	CONGO, THE DEMOCRATIC REPUBLIC OF THE	CD	COD	Congo, The Democratic Republic of the	180	t	\N
41	CENTRAL AFRICAN REPUBLIC	CF	CAF	Central African Republic	140	t	\N
42	CONGO	CG	COG	Congo	178	t	\N
43	SWITZERLAND	CH	CHE	Switzerland	756	t	\N
44	CTE D'IVOIRE	CI	CIV	Cte d'Ivoire	384	t	\N
45	COOK ISLANDS	CK	COK	Cook Islands	184	f	\N
46	CHILE	CL	CHL	Chile	152	t	\N
47	CAMEROON	CM	CMR	Cameroon	120	t	\N
48	CHINA	CN	CHN	China	156	t	\N
49	COLOMBIA	CO	COL	Colombia	170	t	\N
50	COSTA RICA	CR	CRI	Costa Rica	188	t	\N
51	CUBA	CU	CUB	Cuba	192	t	\N
52	CAPE VERDE	CV	CPV	Cape Verde	132	t	\N
53	CURAAO	CW	CUW	Curaao	531	f	\N
54	CHRISTMAS ISLAND	CX	CXR	Christmas Island	162	f	\N
55	CYPRUS	CY	CYP	Cyprus	196	t	\N
56	CZECH REPUBLIC	CZ	CZE	Czech Republic	203	t	\N
57	GERMANY	DE	DEU	Germany	276	t	\N
58	DJIBOUTI	DJ	DJI	Djibouti	262	t	\N
59	DENMARK	DK	DNK	Denmark	208	t	\N
60	DOMINICA	DM	DMA	Dominica	212	t	\N
61	DOMINICAN REPUBLIC	DO	DOM	Dominican Republic	214	t	\N
62	ALGERIA	DZ	DZA	Algeria	12	t	\N
63	ECUADOR	EC	ECU	Ecuador	218	t	\N
64	ESTONIA	EE	EST	Estonia	233	t	\N
65	EGYPT	EG	EGY	Egypt	818	t	\N
66	WESTERN SAHARA	EH	ESH	Western Sahara	732	f	\N
67	ERITREA	ER	ERI	Eritrea	232	t	\N
68	SPAIN	ES	ESP	Spain	724	t	\N
69	ETHIOPIA	ET	ETH	Ethiopia	231	t	\N
70	FINLAND	FI	FIN	Finland	246	t	\N
71	FIJI	FJ	FJI	Fiji	242	t	\N
72	FALKLAND ISLANDS (MALVINAS)	FK	FLK	Falkland Islands (Malvinas)	238	f	\N
73	MICRONESIA, FEDERATED STATES OF	FM	FSM	Micronesia, Federated States of	583	t	\N
74	FAROE ISLANDS	FO	FRO	Faroe Islands	234	f	\N
75	FRANCE	FR	FRA	France	250	t	\N
76	GABON	GA	GAB	Gabon	266	t	\N
77	UNITED KINGDOM	GB	GBR	United Kingdom	826	t	\N
78	GRENADA	GD	GRD	Grenada	308	t	\N
79	GEORGIA	GE	GEO	Georgia	268	t	\N
80	FRENCH GUIANA	GF	GUF	French Guiana	254	f	\N
81	GUERNSEY	GG	GGY	Guernsey	831	f	\N
82	GHANA	GH	GHA	Ghana	288	t	\N
83	GIBRALTAR	GI	GIB	Gibraltar	292	f	\N
84	GREENLAND	GL	GRL	Greenland	304	t	\N
85	GAMBIA	GM	GMB	Gambia	270	t	\N
86	GUINEA	GN	GIN	Guinea	324	t	\N
87	GUADELOUPE	GP	GLP	Guadeloupe	312	f	\N
88	EQUATORIAL GUINEA	GQ	GNQ	Equatorial Guinea	226	t	\N
89	GREECE	GR	GRC	Greece	300	t	\N
90	SOUTH GEORGIA AND THE SOUTH SANDWICH ISLANDS	GS	SGS	South Georgia and the South Sandwich Islands	239	f	\N
91	GUATEMALA	GT	GTM	Guatemala	320	t	\N
92	GUAM	GU	GUM	Guam	316	f	\N
93	GUINEA-BISSAU	GW	GNB	Guinea-Bissau	624	t	\N
94	GUYANA	GY	GUY	Guyana	328	t	\N
95	HONG KONG	HK	HKG	Hong Kong	344	f	\N
96	HEARD ISLAND AND MCDONALD ISLANDS	HM	HMD	Heard Island and McDonald Islands	334	f	\N
97	HONDURAS	HN	HND	Honduras	340	t	\N
98	CROATIA	HR	HRV	Croatia	191	t	\N
99	HAITI	HT	HTI	Haiti	332	t	\N
100	HUNGARY	HU	HUN	Hungary	348	t	\N
101	INDONESIA	ID	IDN	Indonesia	360	t	\N
102	IRELAND	IE	IRL	Ireland	372	t	\N
103	ISRAEL	IL	ISR	Israel	376	t	\N
104	ISLE OF MAN	IM	IMN	Isle of Man	833	f	\N
105	INDIA	IN	IND	India	356	t	\N
106	BRITISH INDIAN OCEAN TERRITORY	IO	IOT	British Indian Ocean Territory	86	f	\N
107	IRAQ	IQ	IRQ	Iraq	368	t	\N
108	IRAN, ISLAMIC REPUBLIC OF	IR	IRN	Iran, Islamic Republic of	364	t	\N
109	ICELAND	IS	ISL	Iceland	352	t	\N
110	ITALY	IT	ITA	Italy	380	t	\N
111	JERSEY	JE	JEY	Jersey	832	f	\N
112	JAMAICA	JM	JAM	Jamaica	388	t	\N
113	JORDAN	JO	JOR	Jordan	400	t	\N
114	JAPAN	JP	JPN	Japan	392	t	\N
115	KENYA	KE	KEN	Kenya	404	t	\N
116	KYRGYZSTAN	KG	KGZ	Kyrgyzstan	417	t	\N
117	CAMBODIA	KH	KHM	Cambodia	116	t	\N
118	KIRIBATI	KI	KIR	Kiribati	296	t	\N
119	COMOROS	KM	COM	Comoros	174	t	\N
120	SAINT KITTS AND NEVIS	KN	KNA	Saint Kitts and Nevis	659	t	\N
121	KOREA, DEMOCRATIC PEOPLE'S REPUBLIC OF	KP	PRK	Korea, Democratic People's Republic of	408	t	\N
122	KOREA, REPUBLIC OF	KR	KOR	Korea, Republic of	410	t	\N
123	KUWAIT	KW	KWT	Kuwait	414	t	\N
124	CAYMAN ISLANDS	KY	CYM	Cayman Islands	136	f	\N
125	KAZAKHSTAN	KZ	KAZ	Kazakhstan	398	t	\N
126	LAO PEOPLE'S DEMOCRATIC REPUBLIC	LA	LAO	Lao People's Democratic Republic	418	t	\N
127	LEBANON	LB	LBN	Lebanon	422	t	\N
128	SAINT LUCIA	LC	LCA	Saint Lucia	662	f	\N
129	LIECHTENSTEIN	LI	LIE	Liechtenstein	438	t	\N
130	SRI LANKA	LK	LKA	Sri Lanka	144	t	\N
131	LIBERIA	LR	LBR	Liberia	430	t	\N
132	LESOTHO	LS	LSO	Lesotho	426	t	\N
133	LITHUANIA	LT	LTU	Lithuania	440	t	\N
134	LUXEMBOURG	LU	LUX	Luxembourg	442	t	\N
135	LATVIA	LV	LVA	Latvia	428	t	\N
136	LIBYA	LY	LBY	Libya	434	t	\N
137	MOROCCO	MA	MAR	Morocco	504	t	\N
138	MONACO	MC	MCO	Monaco	492	t	\N
139	MOLDOVA, REPUBLIC OF	MD	MDA	Moldova, Republic of	498	t	\N
140	MONTENEGRO	ME	MNE	Montenegro	499	t	\N
141	SAINT MARTIN (FRENCH PART)	MF	MAF	Saint Martin (French part)	663	f	\N
142	MADAGASCAR	MG	MDG	Madagascar	450	t	\N
143	MARSHALL ISLANDS	MH	MHL	Marshall Islands	584	t	\N
144	MACEDONIA, REPUBLIC OF	MK	MKD	Macedonia, Republic of	807	t	\N
145	MALI	ML	MLI	Mali	466	t	\N
146	MYANMAR	MM	MMR	Myanmar	104	t	\N
147	MONGOLIA	MN	MNG	Mongolia	496	t	\N
148	MACAO	MO	MAC	Macao	446	f	\N
149	NORTHERN MARIANA ISLANDS	MP	MNP	Northern Mariana Islands	580	f	\N
150	MARTINIQUE	MQ	MTQ	Martinique	474	f	\N
151	MAURITANIA	MR	MRT	Mauritania	478	t	\N
152	MONTSERRAT	MS	MSR	Montserrat	500	f	\N
153	MALTA	MT	MLT	Malta	470	t	\N
154	MAURITIUS	MU	MUS	Mauritius	480	t	\N
155	MALDIVES	MV	MDV	Maldives	462	t	\N
156	MALAWI	MW	MWI	Malawi	454	t	\N
157	MEXICO	MX	MEX	Mexico	484	t	\N
158	MALAYSIA	MY	MYS	Malaysia	458	t	\N
159	MOZAMBIQUE	MZ	MOZ	Mozambique	508	t	\N
160	NAMIBIA	NA	NAM	Namibia	516	t	\N
161	NEW CALEDONIA	NC	NCL	New Caledonia	540	f	\N
162	NIGER	NE	NER	Niger	562	t	\N
163	NORFOLK ISLAND	NF	NFK	Norfolk Island	574	f	\N
164	NIGERIA	NG	NGA	Nigeria	566	t	\N
165	NICARAGUA	NI	NIC	Nicaragua	558	t	\N
166	NETHERLANDS	NL	NLD	Netherlands	528	t	\N
167	NORWAY	NO	NOR	Norway	578	t	\N
168	NEPAL	NP	NPL	Nepal	524	t	\N
169	NAURU	NR	NRU	Nauru	520	t	\N
170	NIUE	NU	NIU	Niue	570	f	\N
171	NEW ZEALAND	NZ	NZL	New Zealand	554	t	\N
172	OMAN	OM	OMN	Oman	512	t	\N
173	PANAMA	PA	PAN	Panama	591	t	\N
174	PERU	PE	PER	Peru	604	t	\N
175	FRENCH POLYNESIA	PF	PYF	French Polynesia	258	f	\N
176	PAPUA NEW GUINEA	PG	PNG	Papua New Guinea	598	t	\N
177	PHILIPPINES	PH	PHL	Philippines	608	t	\N
178	PAKISTAN	PK	PAK	Pakistan	586	t	\N
179	POLAND	PL	POL	Poland	616	t	\N
180	SAINT PIERRE AND MIQUELON	PM	SPM	Saint Pierre and Miquelon	666	f	\N
181	PITCAIRN	PN	PCN	Pitcairn	612	f	\N
182	PALESTINE, STATE OF	PS	PSE	Palestine, State of	275	t	\N
183	PORTUGAL	PT	PRT	Portugal	620	t	\N
184	PALAU	PW	PLW	Palau	585	t	\N
185	PARAGUAY	PY	PRY	Paraguay	600	t	\N
186	QATAR	QA	QAT	Qatar	634	t	\N
187	RUNION	RE	REU	Runion	638	f	\N
188	ROMANIA	RO	ROU	Romania	642	t	\N
189	SERBIA	RS	SRB	Serbia	688	t	\N
190	RUSSIAN FEDERATION	RU	RUS	Russian Federation	643	t	\N
191	RWANDA	RW	RWA	Rwanda	646	t	\N
192	SAUDI ARABIA	SA	SAU	Saudi Arabia	682	t	\N
193	SOLOMON ISLANDS	SB	SLB	Solomon Islands	90	t	\N
194	SEYCHELLES	SC	SYC	Seychelles	690	t	\N
195	SUDAN	SD	SDN	Sudan	729	t	\N
196	SWEDEN	SE	SWE	Sweden	752	t	\N
197	SINGAPORE	SG	SGP	Singapore	534	t	\N
198	SAINT HELENA, ASCENSION AND TRISTAN DA CUNHA	SH	SHN	Saint Helena, Ascension and Tristan da Cunha	654	t	\N
199	SLOVENIA	SI	SVN	Slovenia	705	t	\N
200	SVALBARD AND JAN MAYEN	SJ	SJM	Svalbard and Jan Mayen	744	f	\N
201	SLOVAKIA	SK	SVK	Slovakia	703	t	\N
202	SIERRA LEONE	SL	SLE	Sierra Leone	694	t	\N
203	SAN MARINO	SM	SMR	San Marino	674	t	\N
204	SENEGAL	SN	SEN	Senegal	686	t	\N
205	SOMALIA	SO	SOM	Somalia	706	t	\N
206	SURINAME	SR	SUR	Suriname	740	t	\N
207	SOUTH SUDAN	SS	SSD	South Sudan	728	t	\N
208	SAO TOME AND PRINCIPE	ST	STP	Sao Tome and Principe	678	t	\N
209	EL SALVADOR	SV	SLV	El Salvador	222	t	\N
210	SINT MAARTEN (DUTCH PART)	SX	SXM	Sint Maarten (Dutch part)	534	f	\N
211	SYRIAN ARAB REPUBLIC	SY	SYR	Syrian Arab Republic	760	t	\N
212	SWAZILAND	SZ	SWZ	Swaziland	748	t	\N
213	TURKS AND CAICOS ISLANDS	TC	TCA	Turks and Caicos Islands	796	f	\N
214	CHAD	TD	TCD	Chad	148	t	\N
215	FRENCH SOUTHERN TERRITORIES	TF	ATF	French Southern Territories	260	f	\N
216	TOGO	TG	TGO	Togo	768	t	\N
217	THAILAND	TH	THA	Thailand	764	t	\N
218	TAJIKISTAN	TJ	TJK	Tajikistan	762	t	\N
219	TOKELAU	TK	TKL	Tokelau	772	f	\N
220	TIMOR-LESTE	TL	TLS	Timor-Leste	626	t	\N
221	TURKMENISTAN	TM	TKM	Turkmenistan	795	t	\N
222	TUNISIA	TN	TUN	Tunisia	788	t	\N
223	TONGA	TO	TON	Tonga	776	t	\N
224	TURKEY	TR	TUR	Turkey	792	t	\N
225	TRINIDAD AND TOBAGO	TT	TTO	Trinidad and Tobago	780	t	\N
226	TUVALU	TV	TUV	Tuvalu	798	t	\N
227	TAIWAN	TW	TWN	Taiwan	158	t	\N
228	TANZANIA, UNITED REPUBLIC OF	TZ	TZA	Tanzania, United Republic of	834	t	\N
229	UKRAINE	UA	UKR	Ukraine	804	t	\N
230	UGANDA	UG	UGA	Uganda	800	t	\N
231	UNITED STATES MINOR OUTLYING ISLANDS	UM	UMI	United States Minor Outlying Islands	581	t	\N
232	UNITED STATES	US	USA	United States	840	t	\N
233	URUGUAY	UY	URY	Uruguay	858	t	\N
234	UZBEKISTAN	UZ	UZB	Uzbekistan	860	t	\N
235	HOLY SEE (VATICAN CITY STATE)	VA	VAT	Holy See (Vatican City State)	336	f	\N
236	SAINT VINCENT AND THE GRENADINES	VC	VCT	Saint Vincent and the Grenadines	670	t	\N
237	VENEZUELA, BOLIVARIAN REPUBLIC OF	VE	VEN	Venezuela, Bolivarian Republic of	862	t	\N
238	VIRGIN ISLANDS, BRITISH	VG	VGB	Virgin Islands, British	92	f	\N
239	VIRGIN ISLANDS, U.S.	VI	VIR	Virgin Islands, U.S.	850	f	\N
240	VIETNAM	VN	VNM	Vietnam	704	t	\N
241	VANUATU	VU	VUT	Vanuatu	548	t	\N
242	WALLIS AND FUTUNA	WF	WLF	Wallis and Futuna	876	f	\N
243	SAMOA	WS	WSM	Samoa	882	t	\N
244	YEMEN	YE	YEM	Yemen	887	t	\N
245	MAYOTTE	YT	MYT	Mayotte	175	f	\N
246	SOUTH AFRICA	ZA	ZAF	South Africa	710	t	\N
247	ZAMBIA	ZM	ZMB	Zambia	894	t	\N
248	ZIMBABWE	ZW	ZWE	Zimbabwe	716	t	\N
\.


--
-- Data for Name: spree_credit_cards; Type: TABLE DATA;
--

COPY "spree_credit_cards" ("id", "month", "year", "cc_type", "last_digits", "address_id", "gateway_customer_profile_id", "gateway_payment_profile_id", "created_at", "updated_at", "name", "user_id", "payment_method_id", "default") FROM stdin;
\.


--
-- Data for Name: spree_customer_returns; Type: TABLE DATA;
--

COPY "spree_customer_returns" ("id", "number", "stock_location_id", "created_at", "updated_at") FROM stdin;
\.


--
-- Data for Name: spree_devices; Type: TABLE DATA;
--

COPY "spree_devices" ("id", "device_token", "user_id", "created_at", "updated_at") FROM stdin;
\.


--
-- Data for Name: spree_feedback_reviews; Type: TABLE DATA;
--

COPY "spree_feedback_reviews" ("id", "user_id", "review_id", "rating", "comment", "created_at", "updated_at", "locale") FROM stdin;
\.


--
-- Data for Name: spree_filters; Type: TABLE DATA;
--

COPY "spree_filters" ("id", "name", "display_name", "type", "enabled", "created_at", "updated_at") FROM stdin;
1	Spree::TaxonomyFilter	Test	Range	f	2017-01-30T20:52:22	2017-01-30T20:52:22
\.


--
-- Data for Name: spree_gateways; Type: TABLE DATA;
--

COPY "spree_gateways" ("id", "type", "name", "description", "active", "environment", "server", "test_mode", "created_at", "updated_at", "preferences") FROM stdin;
\.


--
-- Data for Name: spree_inventory_units; Type: TABLE DATA;
--

COPY "spree_inventory_units" ("id", "state", "variant_id", "order_id", "shipment_id", "created_at", "updated_at", "pending", "line_item_id") FROM stdin;
1	backordered	1	1	1	2017-01-29T07:53:56	2017-01-29T07:56:01	f	1
15	on_hand	17	2	9	2017-01-29T08:58:36	2017-01-29T08:59:28	f	5
16	backordered	1	2	10	2017-01-29T08:58:36	2017-01-29T08:59:28	f	2
17	backordered	1	2	10	2017-01-29T08:58:36	2017-01-29T08:59:28	f	2
18	backordered	1	2	10	2017-01-29T08:58:36	2017-01-29T08:59:28	f	2
19	backordered	1	4	11	2017-01-29T08:59:57	2017-01-29T09:00:07	f	3
20	backordered	1	4	11	2017-01-29T08:59:57	2017-01-29T09:00:07	f	3
21	backordered	2	4	11	2017-01-29T08:59:57	2017-01-29T09:00:07	f	6
22	backordered	2	8	12	2017-01-29T09:00:22	2017-01-29T09:00:22	t	7
24	on_hand	6	9	14	2017-01-29T09:09:22	2017-01-29T09:09:34	f	9
25	on_hand	17	11	15	2017-01-30T15:39:20	2017-01-30T15:39:31	f	11
26	on_hand	17	14	16	2017-01-30T17:35:27	2017-01-30T17:35:27	t	13
28	on_hand	17	17	18	2017-01-30T17:49:30	2017-01-30T17:49:48	f	16
29	backordered	4	10	19	2017-01-30T20:27:02	2017-01-30T20:27:07	f	19
30	backordered	5	19	20	2017-01-30T20:27:35	2017-01-30T20:27:39	f	20
31	backordered	11	20	21	2017-01-30T20:28:37	2017-01-30T20:28:43	f	21
33	backordered	8	21	23	2017-01-30T20:31:06	2017-01-30T20:31:06	t	22
35	backordered	12	22	25	2017-01-30T20:48:12	2017-01-30T20:48:17	f	23
37	backordered	9	23	27	2017-01-30T20:49:27	2017-01-30T20:49:27	t	24
\.


--
-- Data for Name: spree_line_items; Type: TABLE DATA;
--

COPY "spree_line_items" ("id", "variant_id", "order_id", "quantity", "price", "created_at", "updated_at", "currency", "cost_price", "tax_category_id", "adjustment_total", "additional_tax_total", "promo_total", "included_tax_total", "pre_tax_amount") FROM stdin;
1	1	1	1	15.99	2017-01-29T07:53:46	2017-01-29T07:56:01	USD	\N	1	0.80	0.80	0.00	0.00	15.9900
2	1	2	3	15.99	2017-01-29T08:06:20	2017-01-29T08:50:42	USD	\N	1	0.00	0.00	0.00	0.00	0.0000
3	1	4	2	15.99	2017-01-29T08:25:49	2017-01-29T09:00:07	USD	\N	1	1.60	1.60	0.00	0.00	31.9800
4	1	7	1	15.99	2017-01-29T08:51:36	2017-01-29T08:51:36	USD	\N	1	0.00	0.00	0.00	0.00	0.0000
5	17	2	1	15.99	2017-01-29T08:58:22	2017-01-29T08:58:22	USD	22.00	1	0.00	0.00	0.00	0.00	0.0000
6	2	4	1	22.99	2017-01-29T08:59:49	2017-01-29T09:00:07	USD	\N	1	1.15	1.15	0.00	0.00	22.9900
7	2	8	1	22.99	2017-01-29T09:00:18	2017-01-29T09:00:22	USD	\N	1	1.15	1.15	0.00	0.00	22.9900
9	6	9	1	19.99	2017-01-29T09:09:10	2017-01-29T09:09:10	USD	\N	1	0.00	0.00	0.00	0.00	0.0000
11	17	11	1	15.99	2017-01-30T15:38:52	2017-01-30T15:39:31	USD	22.00	1	0.80	0.80	0.00	0.00	15.9900
12	17	13	1	15.99	2017-01-30T17:34:31	2017-01-30T17:34:31	USD	22.00	1	0.00	0.00	0.00	0.00	0.0000
13	17	14	1	15.99	2017-01-30T17:35:09	2017-01-30T17:35:27	USD	22.00	1	0.80	0.80	0.00	0.00	15.9900
14	11	15	1	15.99	2017-01-30T17:36:15	2017-01-30T17:36:15	USD	\N	1	0.00	0.00	0.00	0.00	0.0000
15	17	16	1	15.99	2017-01-30T17:38:40	2017-01-30T17:38:40	USD	22.00	1	0.00	0.00	0.00	0.00	0.0000
16	17	17	1	15.99	2017-01-30T17:46:27	2017-01-30T17:49:48	USD	22.00	1	0.80	0.80	0.00	0.00	15.9900
17	11	18	2	15.99	2017-01-30T17:50:31	2017-01-30T19:43:04	USD	\N	1	0.00	0.00	0.00	0.00	0.0000
18	9	18	1	19.99	2017-01-30T19:29:14	2017-01-30T19:29:14	USD	\N	1	0.00	0.00	0.00	0.00	0.0000
19	4	10	1	19.99	2017-01-30T20:26:44	2017-01-30T20:27:07	USD	\N	1	1.00	1.00	0.00	0.00	19.9900
20	5	19	1	19.99	2017-01-30T20:27:26	2017-01-30T20:27:39	USD	\N	1	1.00	1.00	0.00	0.00	19.9900
21	11	20	1	15.99	2017-01-30T20:28:22	2017-01-30T20:28:43	USD	\N	1	0.80	0.80	0.00	0.00	15.9900
22	8	21	1	19.99	2017-01-30T20:30:58	2017-01-30T20:31:06	USD	\N	1	1.00	1.00	0.00	0.00	19.9900
23	12	22	1	22.99	2017-01-30T20:47:21	2017-01-30T20:47:21	USD	\N	1	0.00	0.00	0.00	0.00	0.0000
24	9	23	1	19.99	2017-01-30T20:49:09	2017-01-30T20:49:10	USD	\N	1	0.00	0.00	0.00	0.00	0.0000
\.


--
-- Data for Name: spree_log_entries; Type: TABLE DATA;
--

COPY "spree_log_entries" ("id", "source_id", "source_type", "details", "created_at", "updated_at") FROM stdin;
\.


--
-- Data for Name: spree_option_types; Type: TABLE DATA;
--

COPY "spree_option_types" ("id", "name", "presentation", "position", "created_at", "updated_at") FROM stdin;
1	tshirt-size	Size	1	2017-01-29T07:39:42	2017-01-29T07:39:42
2	tshirt-color	Color	2	2017-01-29T07:39:42	2017-01-29T07:39:42
\.


--
-- Data for Name: spree_option_types_prototypes; Type: TABLE DATA;
--

COPY "spree_option_types_prototypes" ("prototype_id", "option_type_id") FROM stdin;
\.


--
-- Data for Name: spree_option_values; Type: TABLE DATA;
--

COPY "spree_option_values" ("id", "position", "name", "presentation", "option_type_id", "created_at", "updated_at") FROM stdin;
1	1	Small	S	1	2017-01-29T07:39:42	2017-01-29T07:39:42
2	2	Medium	M	1	2017-01-29T07:39:42	2017-01-29T07:39:42
3	3	Large	L	1	2017-01-29T07:39:42	2017-01-29T07:39:42
4	4	Extra Large	XL	1	2017-01-29T07:39:42	2017-01-29T07:39:42
5	1	Red	Red	2	2017-01-29T07:39:42	2017-01-29T07:39:42
6	2	Green	Green	2	2017-01-29T07:39:42	2017-01-29T07:39:42
7	3	Blue	Blue	2	2017-01-29T07:39:42	2017-01-29T07:39:42
\.


--
-- Data for Name: spree_option_values_variants; Type: TABLE DATA;
--

COPY "spree_option_values_variants" ("variant_id", "option_value_id") FROM stdin;
17	1
\.


--
-- Data for Name: spree_orders; Type: TABLE DATA;
--

COPY "spree_orders" ("id", "number", "item_total", "total", "state", "adjustment_total", "user_id", "completed_at", "bill_address_id", "ship_address_id", "payment_total", "shipping_method_id", "shipment_state", "payment_state", "email", "special_instructions", "created_at", "updated_at", "currency", "last_ip_address", "created_by_id", "shipment_total", "additional_tax_total", "promo_total", "channel", "included_tax_total", "item_count", "approver_id", "approved_at", "confirmation_delivered", "considered_risky", "guest_token", "canceled_at", "canceler_id", "store_id", "state_lock_version") FROM stdin;
1	R528145620	15.99	21.79	complete	0.80	2	2017-01-29T07:56:01	1	1	0.00	\N	backorder	balance_due	kaustubhwise@gmail.com	\N	2017-01-29T07:53:46	2017-01-29T07:56:01	USD	192.168.0.4	2	5.00	0.80	0.00	spree	0.00	1	\N	\N	t	f	uO8YZq2IXD1cIoe4IG4gdA	\N	\N	1	2
2	R605212350	63.96	63.96	complete	0.00	2	2017-01-29T08:59:29	2	2	0.00	\N	backorder	balance_due	kaustubhwise@gmail.com	\N	2017-01-29T08:06:20	2017-01-29T08:59:29	USD	192.168.0.4	2	0.00	0.00	0.00	spree	0.00	4	\N	\N	t	f	uO8YZq2IXD1cIoe4IG4gdA	\N	\N	1	5
3	R952128600	0.00	0.00	cart	0.00	3	\N	\N	\N	0.00	\N	\N	\N	shital1391@gmail.com	\N	2017-01-29T08:23:55	2017-01-29T08:23:55	USD	\N	3	0.00	0.00	0.00	spree	0.00	0	\N	\N	f	f	7wu_6yyfjk-flzsgCjG9MA	\N	\N	\N	0
4	R451265547	54.97	62.72	complete	2.75	4	2017-01-29T09:00:07	3	3	0.00	\N	backorder	balance_due	kaustubhwise@gmail.com	\N	2017-01-29T08:25:49	2017-01-29T09:00:07	USD	192.168.0.4	4	5.00	2.75	0.00	spree	0.00	3	\N	\N	t	f	VUWtgVFLHRgIZ01nnJwwbg	\N	\N	1	6
5	R427674080	0.00	0.00	cart	0.00	\N	\N	\N	\N	0.00	\N	\N	\N	\N	\N	2017-01-29T08:27:38	2017-01-29T08:27:38	USD	\N	1	0.00	0.00	0.00	spree	0.00	0	1	2017-01-29T08:31:59	f	f	S8jMTfCm1DOSOMhPO6XiqQ	\N	\N	\N	0
6	R611316239	0.00	0.00	cart	0.00	\N	\N	\N	\N	0.00	\N	\N	\N	\N	\N	2017-01-29T08:38:37	2017-01-29T08:38:37	USD	\N	\N	0.00	0.00	0.00	spree	0.00	0	\N	\N	f	f	xrvpcvHOJDfi9nM_le6Jig	\N	\N	\N	0
7	R666179872	15.99	15.99	cart	0.00	1	\N	\N	\N	0.00	\N	\N	\N	spree@example.com	\N	2017-01-29T08:51:36	2017-01-29T08:51:36	USD	\N	1	0.00	0.00	0.00	spree	0.00	1	\N	\N	f	f	IZqqKP-7-QqIdwllcPXoRg	\N	\N	1	0
8	R190244843	22.99	29.14	payment	1.15	4	\N	3	3	0.00	\N	\N	\N	star1391@gmail.com	\N	2017-01-29T09:00:18	2017-01-29T09:00:22	USD	192.168.0.4	4	5.00	1.15	0.00	spree	0.00	1	\N	\N	f	f	hDVe0sK5mMNuwGHtrEyhyA	\N	\N	1	1
9	R767679975	19.99	19.99	complete	0.00	2	2017-01-29T09:09:34	2	2	0.00	\N	pending	balance_due	kaustubhwise@gmail.com	\N	2017-01-29T09:01:12	2017-01-29T09:09:34	USD	192.168.0.4	2	0.00	0.00	0.00	spree	0.00	1	\N	\N	t	f	AAz804w-JbDf0tdZPshHlw	\N	\N	1	3
10	R846384014	19.99	25.99	complete	1.00	2	2017-01-30T20:27:07	2	2	0.00	1	backorder	balance_due	kaustubhwise@gmail.com	\N	2017-01-29T09:10:29	2017-01-30T20:27:07	USD	127.0.0.1	2	5.00	1.00	0.00	spree	0.00	1	\N	\N	t	f	dLV6F6_zWjQOc5P79g5y0g	\N	\N	1	2
11	R053991083	15.99	21.79	complete	0.80	\N	2017-01-30T15:39:31	4	4	0.00	\N	pending	balance_due	kaustubhwise@gmail.com	\N	2017-01-30T15:38:52	2017-01-30T15:39:31	USD	127.0.0.1	\N	5.00	0.80	0.00	spree	0.00	1	\N	\N	t	f	vYVN48Crs9Rc1tJbVJE6DQ1485778690287	\N	\N	1	2
12	R296027004	0.00	0.00	cart	0.00	\N	\N	\N	\N	0.00	\N	\N	\N	\N	\N	2017-01-30T15:44:23	2017-01-30T15:44:24	USD	\N	\N	0.00	0.00	0.00	spree	0.00	0	\N	\N	f	f	NMxDEP7SDZsVs9O1fRYEvg	\N	\N	\N	0
13	R431971142	15.99	15.99	address	0.00	\N	\N	\N	\N	0.00	\N	\N	\N	\N	\N	2017-01-30T17:34:30	2017-01-30T17:34:46	USD	127.0.0.1	\N	0.00	0.00	0.00	spree	0.00	1	\N	\N	f	f	VTMXn32dB7HBWcNY5T6-mg	\N	\N	1	0
14	R155057676	15.99	21.79	payment	0.80	\N	\N	8	8	0.00	\N	\N	\N	skk@gmail.com	\N	2017-01-30T17:35:09	2017-01-30T17:35:27	USD	127.0.0.1	\N	5.00	0.80	0.00	spree	0.00	1	\N	\N	f	f	uTQ4BsjqDDoplRkDKv26Iw	\N	\N	1	1
15	R826593837	15.99	15.99	cart	0.00	5	\N	\N	\N	0.00	\N	\N	\N	skk@gmail.com	\N	2017-01-30T17:36:15	2017-01-30T17:36:15	USD	\N	5	0.00	0.00	0.00	spree	0.00	1	\N	\N	f	f	n40qGIqzvMGHR-PNmV76QA	\N	\N	\N	0
16	R981643760	15.99	15.99	address	0.00	\N	\N	\N	\N	0.00	\N	\N	\N	\N	\N	2017-01-30T17:38:40	2017-01-30T17:38:42	USD	127.0.0.1	\N	0.00	0.00	0.00	spree	0.00	1	\N	\N	f	f	0JIjhY2DLBR5_FY32eXetQ	\N	\N	1	0
17	R178511231	15.99	21.79	complete	0.80	7	2017-01-30T17:49:48	10	10	0.00	\N	pending	balance_due	kaustubhwise1@gmail.com	\N	2017-01-30T17:46:27	2017-01-30T17:49:48	USD	127.0.0.1	7	5.00	0.80	0.00	spree	0.00	1	\N	\N	t	f	jrj5_Q1H8pNT_NmQYApk7g	\N	\N	1	3
18	R521406228	51.97	51.97	cart	0.00	7	\N	\N	\N	0.00	\N	\N	\N	kaustubhwise1@gmail.com	\N	2017-01-30T17:50:31	2017-01-30T19:43:04	USD	\N	7	0.00	0.00	0.00	spree	0.00	3	\N	\N	f	f	O18sITMXgNfunemAwMGA_Q	\N	\N	\N	0
19	R927934228	19.99	25.99	complete	1.00	2	2017-01-30T20:27:39	6	6	0.00	\N	backorder	balance_due	kaustubhwise@gmail.com	\N	2017-01-30T20:27:26	2017-01-30T20:27:39	USD	127.0.0.1	2	5.00	1.00	0.00	spree	0.00	1	\N	\N	t	f	dGUHPXoEovOFANPBkTvUkQ	\N	\N	1	2
20	R893733589	15.99	21.79	complete	0.80	2	2017-01-30T20:28:43	6	6	0.00	\N	backorder	balance_due	kaustubhwise@gmail.com	\N	2017-01-30T20:28:22	2017-01-30T20:28:43	USD	\N	2	5.00	0.80	0.00	spree	0.00	1	\N	\N	t	f	fp1OiCxtmOYvcwXL8OQeJA	\N	\N	\N	0
21	R789303060	19.99	25.99	payment	1.00	2	\N	6	6	0.00	\N	\N	\N	kaustubhwise@gmail.com	\N	2017-01-30T20:30:58	2017-01-30T20:31:06	USD	\N	2	5.00	1.00	0.00	spree	0.00	1	\N	\N	f	f	jff8zHq_p-cZxxT4c8JorQ	\N	\N	\N	0
22	R221664549	22.99	22.99	complete	0.00	8	2017-01-30T20:48:17	12	12	0.00	\N	backorder	balance_due	t@gmail.com	\N	2017-01-30T20:47:21	2017-01-30T20:48:17	USD	\N	8	0.00	0.00	0.00	spree	0.00	1	\N	\N	t	f	NelmNvvVLiyNdKHGSAY1SA	\N	\N	\N	0
23	R037700998	19.99	19.99	payment	0.00	8	\N	12	12	0.00	\N	\N	\N	t@gmail.com	\N	2017-01-30T20:49:09	2017-01-30T20:49:27	USD	\N	8	0.00	0.00	0.00	spree	0.00	1	\N	\N	f	f	VlJPQFSHJaagyKyarggfwA	\N	\N	\N	0
\.


--
-- Data for Name: spree_orders_promotions; Type: TABLE DATA;
--

COPY "spree_orders_promotions" ("order_id", "promotion_id") FROM stdin;
\.


--
-- Data for Name: spree_payment_capture_events; Type: TABLE DATA;
--

COPY "spree_payment_capture_events" ("id", "amount", "payment_id", "created_at", "updated_at") FROM stdin;
\.


--
-- Data for Name: spree_payment_methods; Type: TABLE DATA;
--

COPY "spree_payment_methods" ("id", "type", "name", "description", "active", "deleted_at", "created_at", "updated_at", "display_on", "auto_capture", "preferences") FROM stdin;
1	Spree::Gateway::Bogus	Credit Card	Bogus payment gateway.	f	2017-01-29T08:32:59	2017-01-29T07:39:32	2017-01-29T08:32:59		\N	---\n:server: test\n:test_mode: true\n
2	Spree::PaymentMethod::Check	Check	Pay by check.	t	\N	2017-01-29T07:39:32	2017-01-29T07:39:32	\N	\N	\N
3	Spree::Gateway::Bogus	Bogus	Bogus	t	\N	2017-01-29T09:07:16	2017-01-29T09:07:16		\N	---\n:server: test\n:test_mode: true\n
\.


--
-- Data for Name: spree_payments; Type: TABLE DATA;
--

COPY "spree_payments" ("id", "amount", "order_id", "source_id", "source_type", "payment_method_id", "state", "response_code", "avs_response", "created_at", "updated_at", "number", "cvv_response_code", "cvv_response_message") FROM stdin;
1	21.79	1	\N	\N	2	checkout	\N	\N	2017-01-29T07:56:01	2017-01-29T07:56:01	PAMM32TM	\N	\N
2	63.96	2	\N	\N	2	checkout	\N	\N	2017-01-29T08:59:28	2017-01-29T08:59:28	PCFF5BYH	\N	\N
3	62.72	4	\N	\N	2	checkout	\N	\N	2017-01-29T09:00:07	2017-01-29T09:00:07	PL1OZ23S	\N	\N
4	19.99	9	\N	\N	2	checkout	\N	\N	2017-01-29T09:09:34	2017-01-29T09:09:34	P8G7ZFSU	\N	\N
5	21.79	11	\N	\N	2	checkout	\N	\N	2017-01-30T15:39:31	2017-01-30T15:39:31	PICN9H01	\N	\N
6	21.79	17	\N	\N	2	checkout	\N	\N	2017-01-30T17:49:48	2017-01-30T17:49:48	PSUER3RM	\N	\N
7	25.99	10	\N	\N	2	checkout	\N	\N	2017-01-30T20:27:07	2017-01-30T20:27:07	P5IXKNR3	\N	\N
8	25.99	19	\N	\N	2	checkout	\N	\N	2017-01-30T20:27:39	2017-01-30T20:27:39	P9J2B5UW	\N	\N
9	21.79	20	\N	\N	2	checkout	\N	\N	2017-01-30T20:28:43	2017-01-30T20:28:43	P2IQDDTR	\N	\N
10	22.99	22	\N	\N	2	checkout	\N	\N	2017-01-30T20:48:17	2017-01-30T20:48:17	P0CDV4AP	\N	\N
\.


--
-- Data for Name: spree_preferences; Type: TABLE DATA;
--

COPY "spree_preferences" ("id", "value", "key", "created_at", "updated_at") FROM stdin;
1	--- 232\n...\n	spree/app_configuration/default_country_id	2017-01-29T07:39:23	2017-01-29T07:39:23
2	--- USD\n...\n	spree/app_configuration/currency	2017-01-29T07:39:33	2017-01-29T07:39:39
3	--- false\n...\n	spree/auth_configuration/confirmable	2017-01-30T17:08:00	2017-01-30T20:24:55
\.


--
-- Data for Name: spree_prices; Type: TABLE DATA;
--

COPY "spree_prices" ("id", "variant_id", "amount", "currency", "deleted_at") FROM stdin;
1	1	15.99	USD	\N
2	1	14.00	EUR	\N
3	2	22.99	USD	\N
4	2	19.00	EUR	\N
5	3	19.99	USD	\N
6	3	16.00	EUR	\N
7	4	19.99	USD	\N
8	4	16.00	EUR	\N
9	5	19.99	USD	\N
10	5	16.00	EUR	\N
11	6	19.99	USD	\N
12	6	16.00	EUR	\N
13	7	19.99	USD	\N
14	7	16.00	EUR	\N
15	8	19.99	USD	\N
16	8	16.00	EUR	\N
17	9	19.99	USD	\N
18	9	16.00	EUR	\N
19	10	19.99	USD	\N
20	10	16.00	EUR	\N
21	11	15.99	USD	\N
22	11	14.00	EUR	\N
23	12	22.99	USD	\N
24	12	19.00	EUR	\N
25	13	13.99	USD	\N
26	13	12.00	EUR	\N
27	14	16.99	USD	\N
28	14	14.00	EUR	\N
29	15	16.99	USD	\N
30	15	14.00	EUR	\N
31	16	13.99	USD	\N
32	16	12.00	EUR	\N
33	17	15.99	USD	\N
\.


--
-- Data for Name: spree_product_option_types; Type: TABLE DATA;
--

COPY "spree_product_option_types" ("id", "position", "product_id", "option_type_id", "created_at", "updated_at") FROM stdin;
1	1	3	1	2017-01-29T07:39:42	2017-01-29T07:39:42
2	2	3	2	2017-01-29T07:39:42	2017-01-29T07:39:42
3	1	8	1	2017-01-29T07:39:42	2017-01-29T07:39:42
4	2	8	2	2017-01-29T07:39:42	2017-01-29T07:39:42
5	1	1	1	2017-01-29T08:36:25	2017-01-29T08:36:25
6	1	6	2	2017-01-29T09:08:50	2017-01-29T09:08:50
\.


--
-- Data for Name: spree_product_properties; Type: TABLE DATA;
--

COPY "spree_product_properties" ("id", "value", "product_id", "property_id", "created_at", "updated_at", "position", "type_id") FROM stdin;
\.


--
-- Data for Name: spree_product_property_types; Type: TABLE DATA;
--

COPY "spree_product_property_types" ("id", "name", "created_at", "updated_at") FROM stdin;
\.


--
-- Data for Name: spree_products; Type: TABLE DATA;
--

COPY "spree_products" ("id", "name", "description", "available_on", "deleted_at", "slug", "meta_description", "meta_keywords", "tax_category_id", "shipping_category_id", "created_at", "updated_at", "promotionable", "meta_title", "avg_rating", "reviews_count") FROM stdin;
1	Ruby on Rails Tote	Et reiciendis eos ut cumque. Enim quis maxime repudiandae nihil voluptas nisi ad. Consequatur provident quibusdam quia esse facere. Inventore nisi explicabo rem quibusdam ullam.	2017-01-29T00:00:00	\N	ruby-on-rails-tote			1	1	2017-01-29T07:39:33	2017-01-30T17:49:48	t		5.00000	1
2	Ruby on Rails Bag	Et reiciendis eos ut cumque. Enim quis maxime repudiandae nihil voluptas nisi ad. Consequatur provident quibusdam quia esse facere. Inventore nisi explicabo rem quibusdam ullam.	2017-01-29T07:39:33	\N	ruby-on-rails-bag	\N	\N	1	1	2017-01-29T07:39:33	2017-01-29T09:00:07	t	\N	0.00000	0
3	Ruby on Rails Baseball Jersey	Et reiciendis eos ut cumque. Enim quis maxime repudiandae nihil voluptas nisi ad. Consequatur provident quibusdam quia esse facere. Inventore nisi explicabo rem quibusdam ullam.	2017-01-29T07:39:33	\N	ruby-on-rails-baseball-jersey	\N	\N	1	1	2017-01-29T07:39:34	2017-01-29T07:39:41	t	\N	0.00000	0
4	Ruby on Rails Jr. Spaghetti	Et reiciendis eos ut cumque. Enim quis maxime repudiandae nihil voluptas nisi ad. Consequatur provident quibusdam quia esse facere. Inventore nisi explicabo rem quibusdam ullam.	2017-01-29T07:39:33	\N	ruby-on-rails-jr-spaghetti	\N	\N	1	1	2017-01-29T07:39:34	2017-01-30T20:27:07	t	\N	0.00000	0
5	Ruby on Rails Ringer T-Shirt	Et reiciendis eos ut cumque. Enim quis maxime repudiandae nihil voluptas nisi ad. Consequatur provident quibusdam quia esse facere. Inventore nisi explicabo rem quibusdam ullam.	2017-01-29T07:39:33	\N	ruby-on-rails-ringer-t-shirt	\N	\N	1	1	2017-01-29T07:39:34	2017-01-30T20:27:39	t	\N	0.00000	0
6	Ruby Baseball Jersey	Et reiciendis eos ut cumque. Enim quis maxime repudiandae nihil voluptas nisi ad. Consequatur provident quibusdam quia esse facere. Inventore nisi explicabo rem quibusdam ullam.	2017-01-29T00:00:00	\N	ruby-baseball-jersey			1	1	2017-01-29T07:39:34	2017-01-29T09:09:34	t		0.00000	0
7	Apache Baseball Jersey	Et reiciendis eos ut cumque. Enim quis maxime repudiandae nihil voluptas nisi ad. Consequatur provident quibusdam quia esse facere. Inventore nisi explicabo rem quibusdam ullam.	2017-01-29T07:39:33	\N	apache-baseball-jersey	\N	\N	1	1	2017-01-29T07:39:35	2017-01-29T07:39:41	t	\N	0.00000	0
8	Spree Baseball Jersey	Et reiciendis eos ut cumque. Enim quis maxime repudiandae nihil voluptas nisi ad. Consequatur provident quibusdam quia esse facere. Inventore nisi explicabo rem quibusdam ullam.	2017-01-29T07:39:33	\N	spree-baseball-jersey	\N	\N	1	1	2017-01-29T07:39:35	2017-01-29T07:39:41	t	\N	0.00000	0
9	Spree Jr. Spaghetti	Et reiciendis eos ut cumque. Enim quis maxime repudiandae nihil voluptas nisi ad. Consequatur provident quibusdam quia esse facere. Inventore nisi explicabo rem quibusdam ullam.	2017-01-29T07:39:33	\N	spree-jr-spaghetti	\N	\N	1	1	2017-01-29T07:39:35	2017-01-29T07:39:41	t	\N	0.00000	0
10	Spree Ringer T-Shirt	Et reiciendis eos ut cumque. Enim quis maxime repudiandae nihil voluptas nisi ad. Consequatur provident quibusdam quia esse facere. Inventore nisi explicabo rem quibusdam ullam.	2017-01-29T07:39:33	\N	spree-ringer-t-shirt	\N	\N	1	1	2017-01-29T07:39:37	2017-01-29T07:39:41	t	\N	0.00000	0
11	Spree Tote	Et reiciendis eos ut cumque. Enim quis maxime repudiandae nihil voluptas nisi ad. Consequatur provident quibusdam quia esse facere. Inventore nisi explicabo rem quibusdam ullam.	2017-01-29T07:39:33	\N	spree-tote	\N	\N	1	1	2017-01-29T07:39:37	2017-01-30T20:28:43	t	\N	0.00000	0
12	Spree Bag	Et reiciendis eos ut cumque. Enim quis maxime repudiandae nihil voluptas nisi ad. Consequatur provident quibusdam quia esse facere. Inventore nisi explicabo rem quibusdam ullam.	2017-01-29T07:39:33	\N	spree-bag	\N	\N	1	1	2017-01-29T07:39:37	2017-01-30T20:48:17	t	\N	0.00000	0
13	Ruby on Rails Mug	Et reiciendis eos ut cumque. Enim quis maxime repudiandae nihil voluptas nisi ad. Consequatur provident quibusdam quia esse facere. Inventore nisi explicabo rem quibusdam ullam.	2017-01-29T07:39:33	\N	ruby-on-rails-mug	\N	\N	\N	1	2017-01-29T07:39:38	2017-01-29T07:39:41	t	\N	0.00000	0
14	Ruby on Rails Stein	Et reiciendis eos ut cumque. Enim quis maxime repudiandae nihil voluptas nisi ad. Consequatur provident quibusdam quia esse facere. Inventore nisi explicabo rem quibusdam ullam.	2017-01-29T07:39:33	\N	ruby-on-rails-stein	\N	\N	\N	1	2017-01-29T07:39:38	2017-01-29T07:39:41	t	\N	0.00000	0
15	Spree Stein	Et reiciendis eos ut cumque. Enim quis maxime repudiandae nihil voluptas nisi ad. Consequatur provident quibusdam quia esse facere. Inventore nisi explicabo rem quibusdam ullam.	2017-01-29T07:39:33	\N	spree-stein	\N	\N	\N	1	2017-01-29T07:39:38	2017-01-29T07:39:41	t	\N	0.00000	0
16	Spree Mug	Et reiciendis eos ut cumque. Enim quis maxime repudiandae nihil voluptas nisi ad. Consequatur provident quibusdam quia esse facere. Inventore nisi explicabo rem quibusdam ullam.	2017-01-29T07:39:33	\N	spree-mug	\N	\N	\N	1	2017-01-29T07:39:38	2017-01-29T07:39:41	t	\N	0.00000	0
\.


--
-- Data for Name: spree_products_promotion_rules; Type: TABLE DATA;
--

COPY "spree_products_promotion_rules" ("product_id", "promotion_rule_id") FROM stdin;
\.


--
-- Data for Name: spree_products_taxons; Type: TABLE DATA;
--

COPY "spree_products_taxons" ("product_id", "taxon_id", "id", "position") FROM stdin;
1	3	1	1
2	3	2	2
11	3	3	3
12	3	4	4
13	4	5	1
14	4	6	2
15	4	7	3
16	4	8	4
4	6	9	1
9	6	10	2
3	7	11	1
5	7	12	2
7	7	13	3
6	7	14	4
8	7	15	5
10	7	16	6
6	8	17	1
7	9	18	1
15	10	19	1
16	10	20	2
10	10	21	3
8	10	22	4
11	10	23	5
12	10	24	6
9	10	25	7
1	11	26	1
2	11	27	2
13	11	28	3
14	11	29	4
3	11	30	5
4	11	31	6
5	11	32	7
\.


--
-- Data for Name: spree_promotion_action_line_items; Type: TABLE DATA;
--

COPY "spree_promotion_action_line_items" ("id", "promotion_action_id", "variant_id", "quantity") FROM stdin;
\.


--
-- Data for Name: spree_promotion_actions; Type: TABLE DATA;
--

COPY "spree_promotion_actions" ("id", "promotion_id", "position", "type", "deleted_at") FROM stdin;
\.


--
-- Data for Name: spree_promotion_categories; Type: TABLE DATA;
--

COPY "spree_promotion_categories" ("id", "name", "created_at", "updated_at", "code") FROM stdin;
\.


--
-- Data for Name: spree_promotion_rules; Type: TABLE DATA;
--

COPY "spree_promotion_rules" ("id", "promotion_id", "user_id", "product_group_id", "type", "created_at", "updated_at", "code", "preferences") FROM stdin;
\.


--
-- Data for Name: spree_promotion_rules_users; Type: TABLE DATA;
--

COPY "spree_promotion_rules_users" ("user_id", "promotion_rule_id") FROM stdin;
\.


--
-- Data for Name: spree_promotions; Type: TABLE DATA;
--

COPY "spree_promotions" ("id", "description", "expires_at", "starts_at", "name", "type", "usage_limit", "match_policy", "code", "advertise", "path", "created_at", "updated_at", "promotion_category_id") FROM stdin;
\.


--
-- Data for Name: spree_properties; Type: TABLE DATA;
--

COPY "spree_properties" ("id", "name", "presentation", "created_at", "updated_at", "enabled_for_filters") FROM stdin;
\.


--
-- Data for Name: spree_properties_prototypes; Type: TABLE DATA;
--

COPY "spree_properties_prototypes" ("prototype_id", "property_id") FROM stdin;
\.


--
-- Data for Name: spree_prototypes; Type: TABLE DATA;
--

COPY "spree_prototypes" ("id", "name", "created_at", "updated_at") FROM stdin;
\.


--
-- Data for Name: spree_refund_reasons; Type: TABLE DATA;
--

COPY "spree_refund_reasons" ("id", "name", "active", "mutable", "created_at", "updated_at") FROM stdin;
1	Return processing	t	f	2017-01-29T07:39:13	2017-01-29T07:39:13
\.


--
-- Data for Name: spree_refunds; Type: TABLE DATA;
--

COPY "spree_refunds" ("id", "payment_id", "amount", "transaction_id", "created_at", "updated_at", "refund_reason_id", "reimbursement_id") FROM stdin;
\.


--
-- Data for Name: spree_reimbursement_credits; Type: TABLE DATA;
--

COPY "spree_reimbursement_credits" ("id", "amount", "reimbursement_id", "creditable_id", "creditable_type") FROM stdin;
\.


--
-- Data for Name: spree_reimbursement_types; Type: TABLE DATA;
--

COPY "spree_reimbursement_types" ("id", "name", "active", "mutable", "created_at", "updated_at", "type") FROM stdin;
1	original	t	t	2017-01-29T07:39:14	2017-01-29T07:39:14	Spree::ReimbursementType::OriginalPayment
\.


--
-- Data for Name: spree_reimbursements; Type: TABLE DATA;
--

COPY "spree_reimbursements" ("id", "number", "reimbursement_status", "customer_return_id", "order_id", "total", "created_at", "updated_at") FROM stdin;
\.


--
-- Data for Name: spree_return_authorization_reasons; Type: TABLE DATA;
--

COPY "spree_return_authorization_reasons" ("id", "name", "active", "mutable", "created_at", "updated_at") FROM stdin;
1	Better price available	t	t	2017-01-29T07:39:13	2017-01-29T07:39:13
2	Missed estimated delivery date	t	t	2017-01-29T07:39:13	2017-01-29T07:39:13
3	Missing parts or accessories	t	t	2017-01-29T07:39:13	2017-01-29T07:39:13
4	Damaged/Defective	t	t	2017-01-29T07:39:13	2017-01-29T07:39:13
5	Different from what was ordered	t	t	2017-01-29T07:39:13	2017-01-29T07:39:13
6	Different from description	t	t	2017-01-29T07:39:13	2017-01-29T07:39:13
7	No longer needed/wanted	t	t	2017-01-29T07:39:13	2017-01-29T07:39:13
8	Accidental order	t	t	2017-01-29T07:39:13	2017-01-29T07:39:13
9	Unauthorized purchase	t	t	2017-01-29T07:39:13	2017-01-29T07:39:13
\.


--
-- Data for Name: spree_return_authorizations; Type: TABLE DATA;
--

COPY "spree_return_authorizations" ("id", "number", "state", "order_id", "memo", "created_at", "updated_at", "stock_location_id", "return_authorization_reason_id") FROM stdin;
\.


--
-- Data for Name: spree_return_items; Type: TABLE DATA;
--

COPY "spree_return_items" ("id", "return_authorization_id", "inventory_unit_id", "exchange_variant_id", "created_at", "updated_at", "pre_tax_amount", "included_tax_total", "additional_tax_total", "reception_status", "acceptance_status", "customer_return_id", "reimbursement_id", "exchange_inventory_unit_id", "acceptance_status_errors", "preferred_reimbursement_type_id", "override_reimbursement_type_id", "resellable") FROM stdin;
\.


--
-- Data for Name: spree_reviews; Type: TABLE DATA;
--

COPY "spree_reviews" ("id", "product_id", "name", "location", "rating", "title", "review", "approved", "created_at", "updated_at", "user_id", "ip_address", "locale", "show_identifier") FROM stdin;
1	1	Super awesome !	\N	5	Go for it !	Product is really good !	t	2017-01-29T07:53:35	2017-01-29T08:21:15	2	192.168.0.4	en	t
\.


--
-- Data for Name: spree_roles; Type: TABLE DATA;
--

COPY "spree_roles" ("id", "name") FROM stdin;
1	admin
2	user
\.


--
-- Data for Name: spree_roles_users; Type: TABLE DATA;
--

COPY "spree_roles_users" ("role_id", "user_id") FROM stdin;
1	1
\.


--
-- Data for Name: spree_sales_app_configurations; Type: TABLE DATA;
--

COPY "spree_sales_app_configurations" ("id", "states_checksum", "home_checksum", "taxonomies_checksum", "created_at", "updated_at") FROM stdin;
1	cf761af5e014cfb9303e94e4cb0e562f	77af1bb975a7d75c747fbdba3b47b922	b658e4a12f592386eff82bbfee2f40e3	2017-01-29T07:42:56	2017-01-29T07:42:56
\.


--
-- Data for Name: spree_shipments; Type: TABLE DATA;
--

COPY "spree_shipments" ("id", "tracking", "number", "cost", "shipped_at", "order_id", "address_id", "state", "created_at", "updated_at", "stock_location_id", "adjustment_total", "additional_tax_total", "promo_total", "included_tax_total", "pre_tax_amount") FROM stdin;
1	\N	H91415251142	5.00	\N	1	1	pending	2017-01-29T07:53:56	2017-01-29T07:56:01	1	0.00	0.00	0.00	0.00	0.0000
9	\N	H56974104332	0.00	\N	2	2	pending	2017-01-29T08:58:36	2017-01-29T08:59:28	1	0.00	0.00	0.00	0.00	0.0000
10	\N	H51723172277	0.00	\N	2	2	pending	2017-01-29T08:58:36	2017-01-29T08:59:28	1	0.00	0.00	0.00	0.00	0.0000
11	\N	H69822404639	5.00	\N	4	3	pending	2017-01-29T08:59:57	2017-01-29T09:00:07	1	0.00	0.00	0.00	0.00	0.0000
12	\N	H91003373104	5.00	\N	8	3	pending	2017-01-29T09:00:22	2017-01-29T09:00:22	1	0.00	0.00	0.00	0.00	0.0000
14	\N	H41017906125	0.00	\N	9	2	pending	2017-01-29T09:09:22	2017-01-29T09:09:34	1	0.00	0.00	0.00	0.00	0.0000
15	\N	H41438472836	5.00	\N	11	4	pending	2017-01-30T15:39:20	2017-01-30T15:39:31	1	0.00	0.00	0.00	0.00	0.0000
16	\N	H42665522264	5.00	\N	14	8	pending	2017-01-30T17:35:27	2017-01-30T17:35:27	1	0.00	0.00	0.00	0.00	0.0000
18	\N	H36936056356	5.00	\N	17	10	pending	2017-01-30T17:49:30	2017-01-30T17:49:48	1	0.00	0.00	0.00	0.00	0.0000
19	\N	H02343664249	5.00	\N	10	2	pending	2017-01-30T20:27:02	2017-01-30T20:27:07	1	0.00	0.00	0.00	0.00	0.0000
20	\N	H62645421296	5.00	\N	19	6	pending	2017-01-30T20:27:35	2017-01-30T20:27:39	1	0.00	0.00	0.00	0.00	0.0000
21	\N	H89714905607	5.00	\N	20	6	pending	2017-01-30T20:28:37	2017-01-30T20:28:43	1	0.00	0.00	0.00	0.00	0.0000
23	\N	H23415892014	5.00	\N	21	6	pending	2017-01-30T20:31:06	2017-01-30T20:31:06	1	0.00	0.00	0.00	0.00	0.0000
25	\N	H82201843561	0.00	\N	22	12	pending	2017-01-30T20:48:12	2017-01-30T20:48:17	1	0.00	0.00	0.00	0.00	0.0000
27	\N	H77018972513	0.00	\N	23	12	pending	2017-01-30T20:49:27	2017-01-30T20:49:27	1	0.00	0.00	0.00	0.00	0.0000
\.


--
-- Data for Name: spree_shipping_categories; Type: TABLE DATA;
--

COPY "spree_shipping_categories" ("id", "name", "created_at", "updated_at") FROM stdin;
1	Default	2017-01-29T07:39:09	2017-01-29T07:39:09
\.


--
-- Data for Name: spree_shipping_method_categories; Type: TABLE DATA;
--

COPY "spree_shipping_method_categories" ("id", "shipping_method_id", "shipping_category_id", "created_at", "updated_at") FROM stdin;
1	1	1	2017-01-29T07:39:32	2017-01-29T07:39:32
2	2	1	2017-01-29T07:39:32	2017-01-29T07:39:32
3	3	1	2017-01-29T07:39:32	2017-01-29T07:39:32
4	4	1	2017-01-29T07:39:32	2017-01-29T07:39:32
5	5	1	2017-01-29T07:39:32	2017-01-29T07:39:32
6	6	1	2017-01-29T08:57:39	2017-01-29T08:57:39
\.


--
-- Data for Name: spree_shipping_methods; Type: TABLE DATA;
--

COPY "spree_shipping_methods" ("id", "name", "display_on", "deleted_at", "created_at", "updated_at", "tracking_url", "admin_name", "tax_category_id", "code") FROM stdin;
1	UPS Ground (USD)	\N	\N	2017-01-29T07:39:32	2017-01-29T07:39:32	\N	\N	\N	\N
2	UPS Two Day (USD)	\N	\N	2017-01-29T07:39:32	2017-01-29T07:39:32	\N	\N	\N	\N
3	UPS One Day (USD)	\N	\N	2017-01-29T07:39:32	2017-01-29T07:39:32	\N	\N	\N	\N
4	UPS Ground (EU)	\N	\N	2017-01-29T07:39:32	2017-01-29T07:39:32	\N	\N	\N	\N
5	UPS Ground (EUR)	\N	\N	2017-01-29T07:39:32	2017-01-29T07:39:32	\N	\N	\N	\N
6	DTDC		\N	2017-01-29T08:57:39	2017-01-29T08:57:39			\N	
\.


--
-- Data for Name: spree_shipping_methods_zones; Type: TABLE DATA;
--

COPY "spree_shipping_methods_zones" ("shipping_method_id", "zone_id") FROM stdin;
1	2
2	2
3	2
4	1
5	1
6	3
\.


--
-- Data for Name: spree_shipping_rates; Type: TABLE DATA;
--

COPY "spree_shipping_rates" ("id", "shipment_id", "shipping_method_id", "selected", "cost", "created_at", "updated_at", "tax_rate_id") FROM stdin;
1	1	1	t	5.00	2017-01-29T07:53:56	2017-01-29T07:53:56	\N
2	1	2	f	10.00	2017-01-29T07:53:56	2017-01-29T07:53:56	\N
3	1	3	f	15.00	2017-01-29T07:53:56	2017-01-29T07:53:56	\N
10	9	6	t	0.00	2017-01-29T08:58:36	2017-01-29T08:58:36	\N
11	10	6	t	0.00	2017-01-29T08:58:36	2017-01-29T08:58:36	\N
12	11	1	t	5.00	2017-01-29T08:59:57	2017-01-29T08:59:57	\N
13	11	2	f	10.00	2017-01-29T08:59:57	2017-01-29T08:59:57	\N
14	11	3	f	15.00	2017-01-29T08:59:57	2017-01-29T08:59:57	\N
15	12	1	t	5.00	2017-01-29T09:00:22	2017-01-29T09:00:22	\N
16	12	2	f	10.00	2017-01-29T09:00:22	2017-01-29T09:00:22	\N
17	12	3	f	15.00	2017-01-29T09:00:22	2017-01-29T09:00:22	\N
19	14	6	t	0.00	2017-01-29T09:09:22	2017-01-29T09:09:22	\N
20	15	1	t	5.00	2017-01-30T15:39:20	2017-01-30T15:39:20	\N
21	15	2	f	10.00	2017-01-30T15:39:20	2017-01-30T15:39:20	\N
22	15	3	f	15.00	2017-01-30T15:39:20	2017-01-30T15:39:20	\N
23	16	1	t	5.00	2017-01-30T17:35:27	2017-01-30T17:35:27	\N
24	16	2	f	10.00	2017-01-30T17:35:27	2017-01-30T17:35:27	\N
25	16	3	f	15.00	2017-01-30T17:35:27	2017-01-30T17:35:27	\N
29	18	1	t	5.00	2017-01-30T17:49:30	2017-01-30T17:49:30	\N
30	18	2	f	10.00	2017-01-30T17:49:30	2017-01-30T17:49:30	\N
31	18	3	f	15.00	2017-01-30T17:49:30	2017-01-30T17:49:30	\N
32	19	1	t	5.00	2017-01-30T20:27:02	2017-01-30T20:27:02	\N
33	19	2	f	10.00	2017-01-30T20:27:02	2017-01-30T20:27:02	\N
34	19	3	f	15.00	2017-01-30T20:27:02	2017-01-30T20:27:02	\N
35	20	1	t	5.00	2017-01-30T20:27:35	2017-01-30T20:27:35	\N
36	20	2	f	10.00	2017-01-30T20:27:35	2017-01-30T20:27:35	\N
37	20	3	f	15.00	2017-01-30T20:27:35	2017-01-30T20:27:35	\N
38	21	1	t	5.00	2017-01-30T20:28:37	2017-01-30T20:28:37	\N
39	21	2	f	10.00	2017-01-30T20:28:37	2017-01-30T20:28:37	\N
40	21	3	f	15.00	2017-01-30T20:28:37	2017-01-30T20:28:37	\N
44	23	1	t	5.00	2017-01-30T20:31:06	2017-01-30T20:31:06	\N
45	23	2	f	10.00	2017-01-30T20:31:06	2017-01-30T20:31:06	\N
46	23	3	f	15.00	2017-01-30T20:31:06	2017-01-30T20:31:06	\N
47	25	6	t	0.00	2017-01-30T20:48:12	2017-01-30T20:48:12	\N
49	27	6	t	0.00	2017-01-30T20:49:27	2017-01-30T20:49:27	\N
\.


--
-- Data for Name: spree_skrill_transactions; Type: TABLE DATA;
--

COPY "spree_skrill_transactions" ("id", "email", "amount", "currency", "transaction_id", "customer_id", "payment_type", "created_at", "updated_at") FROM stdin;
\.


--
-- Data for Name: spree_state_changes; Type: TABLE DATA;
--

COPY "spree_state_changes" ("id", "name", "previous_state", "stateful_id", "user_id", "stateful_type", "next_state", "created_at", "updated_at") FROM stdin;
1	order	cart	1	2	Spree::Order	address	2017-01-29T07:53:50	2017-01-29T07:53:50
2	order	address	1	2	Spree::Order	delivery	2017-01-29T07:53:56	2017-01-29T07:53:56
3	order	delivery	1	2	Spree::Order	payment	2017-01-29T07:53:56	2017-01-29T07:53:56
4	order	payment	1	2	Spree::Order	complete	2017-01-29T07:56:01	2017-01-29T07:56:01
5	payment	\N	1	2	Spree::Order	balance_due	2017-01-29T07:56:01	2017-01-29T07:56:01
6	shipment	\N	1	2	Spree::Order	backorder	2017-01-29T07:56:01	2017-01-29T07:56:01
7	order	cart	4	4	Spree::Order	address	2017-01-29T08:25:51	2017-01-29T08:25:51
8	order	address	4	4	Spree::Order	delivery	2017-01-29T08:26:32	2017-01-29T08:26:32
9	order	delivery	4	4	Spree::Order	payment	2017-01-29T08:26:33	2017-01-29T08:26:33
10	order	cart	4	4	Spree::Order	address	2017-01-29T08:26:51	2017-01-29T08:26:51
11	order	address	4	4	Spree::Order	delivery	2017-01-29T08:26:55	2017-01-29T08:26:55
12	order	delivery	4	4	Spree::Order	payment	2017-01-29T08:26:55	2017-01-29T08:26:55
13	order	cart	2	2	Spree::Order	address	2017-01-29T08:33:40	2017-01-29T08:33:40
14	order	address	2	2	Spree::Order	delivery	2017-01-29T08:58:36	2017-01-29T08:58:36
15	order	delivery	2	2	Spree::Order	payment	2017-01-29T08:58:36	2017-01-29T08:58:36
16	order	payment	2	2	Spree::Order	complete	2017-01-29T08:59:28	2017-01-29T08:59:28
17	payment	\N	2	2	Spree::Order	balance_due	2017-01-29T08:59:28	2017-01-29T08:59:28
18	shipment	\N	2	2	Spree::Order	backorder	2017-01-29T08:59:28	2017-01-29T08:59:28
19	order	cart	4	4	Spree::Order	address	2017-01-29T08:59:52	2017-01-29T08:59:52
20	order	address	4	4	Spree::Order	delivery	2017-01-29T08:59:57	2017-01-29T08:59:57
21	order	delivery	4	4	Spree::Order	payment	2017-01-29T08:59:57	2017-01-29T08:59:57
22	order	payment	4	4	Spree::Order	complete	2017-01-29T09:00:07	2017-01-29T09:00:07
23	payment	\N	4	4	Spree::Order	balance_due	2017-01-29T09:00:07	2017-01-29T09:00:07
24	shipment	\N	4	4	Spree::Order	backorder	2017-01-29T09:00:07	2017-01-29T09:00:07
25	order	cart	8	4	Spree::Order	address	2017-01-29T09:00:20	2017-01-29T09:00:20
26	order	address	8	4	Spree::Order	delivery	2017-01-29T09:00:22	2017-01-29T09:00:22
27	order	delivery	8	4	Spree::Order	payment	2017-01-29T09:00:22	2017-01-29T09:00:22
28	order	cart	9	2	Spree::Order	address	2017-01-29T09:01:15	2017-01-29T09:01:15
29	order	address	9	2	Spree::Order	delivery	2017-01-29T09:01:21	2017-01-29T09:01:21
30	order	delivery	9	2	Spree::Order	payment	2017-01-29T09:01:21	2017-01-29T09:01:21
31	order	cart	9	2	Spree::Order	address	2017-01-29T09:09:15	2017-01-29T09:09:15
32	order	address	9	2	Spree::Order	delivery	2017-01-29T09:09:22	2017-01-29T09:09:22
33	order	delivery	9	2	Spree::Order	payment	2017-01-29T09:09:23	2017-01-29T09:09:23
34	order	payment	9	2	Spree::Order	complete	2017-01-29T09:09:34	2017-01-29T09:09:34
35	payment	\N	9	2	Spree::Order	balance_due	2017-01-29T09:09:34	2017-01-29T09:09:34
36	shipment	\N	9	2	Spree::Order	pending	2017-01-29T09:09:34	2017-01-29T09:09:34
37	order	cart	11	\N	Spree::Order	address	2017-01-30T15:39:08	2017-01-30T15:39:08
38	order	address	11	\N	Spree::Order	delivery	2017-01-30T15:39:20	2017-01-30T15:39:20
39	order	delivery	11	\N	Spree::Order	payment	2017-01-30T15:39:21	2017-01-30T15:39:21
40	order	payment	11	\N	Spree::Order	complete	2017-01-30T15:39:31	2017-01-30T15:39:31
41	payment	\N	11	\N	Spree::Order	balance_due	2017-01-30T15:39:31	2017-01-30T15:39:31
42	shipment	\N	11	\N	Spree::Order	pending	2017-01-30T15:39:31	2017-01-30T15:39:31
43	order	cart	13	\N	Spree::Order	address	2017-01-30T17:34:46	2017-01-30T17:34:46
44	order	cart	14	\N	Spree::Order	address	2017-01-30T17:35:12	2017-01-30T17:35:12
45	order	address	14	\N	Spree::Order	delivery	2017-01-30T17:35:27	2017-01-30T17:35:27
46	order	delivery	14	\N	Spree::Order	payment	2017-01-30T17:35:27	2017-01-30T17:35:27
47	order	cart	16	\N	Spree::Order	address	2017-01-30T17:38:42	2017-01-30T17:38:42
48	order	cart	17	7	Spree::Order	address	2017-01-30T17:46:29	2017-01-30T17:46:29
49	order	address	17	7	Spree::Order	delivery	2017-01-30T17:46:38	2017-01-30T17:46:38
50	order	delivery	17	7	Spree::Order	payment	2017-01-30T17:46:38	2017-01-30T17:46:38
51	order	cart	17	7	Spree::Order	address	2017-01-30T17:49:26	2017-01-30T17:49:26
52	order	address	17	7	Spree::Order	delivery	2017-01-30T17:49:30	2017-01-30T17:49:30
53	order	delivery	17	7	Spree::Order	payment	2017-01-30T17:49:30	2017-01-30T17:49:30
54	order	payment	17	7	Spree::Order	complete	2017-01-30T17:49:48	2017-01-30T17:49:48
55	payment	\N	17	7	Spree::Order	balance_due	2017-01-30T17:49:48	2017-01-30T17:49:48
56	shipment	\N	17	7	Spree::Order	pending	2017-01-30T17:49:48	2017-01-30T17:49:48
57	order	cart	10	2	Spree::Order	address	2017-01-30T20:26:52	2017-01-30T20:26:52
58	order	address	10	2	Spree::Order	delivery	2017-01-30T20:27:02	2017-01-30T20:27:02
59	order	delivery	10	2	Spree::Order	payment	2017-01-30T20:27:02	2017-01-30T20:27:02
60	order	payment	10	2	Spree::Order	complete	2017-01-30T20:27:07	2017-01-30T20:27:07
61	payment	\N	10	2	Spree::Order	balance_due	2017-01-30T20:27:07	2017-01-30T20:27:07
62	shipment	\N	10	2	Spree::Order	backorder	2017-01-30T20:27:07	2017-01-30T20:27:07
63	order	cart	19	2	Spree::Order	address	2017-01-30T20:27:28	2017-01-30T20:27:28
64	order	address	19	2	Spree::Order	delivery	2017-01-30T20:27:35	2017-01-30T20:27:35
65	order	delivery	19	2	Spree::Order	payment	2017-01-30T20:27:36	2017-01-30T20:27:36
66	order	payment	19	2	Spree::Order	complete	2017-01-30T20:27:39	2017-01-30T20:27:39
67	payment	\N	19	2	Spree::Order	balance_due	2017-01-30T20:27:39	2017-01-30T20:27:39
68	shipment	\N	19	2	Spree::Order	backorder	2017-01-30T20:27:39	2017-01-30T20:27:39
69	order	cart	20	2	Spree::Order	address	2017-01-30T20:28:34	2017-01-30T20:28:34
70	order	address	20	2	Spree::Order	delivery	2017-01-30T20:28:38	2017-01-30T20:28:38
71	order	delivery	20	2	Spree::Order	payment	2017-01-30T20:28:38	2017-01-30T20:28:38
72	order	payment	20	2	Spree::Order	complete	2017-01-30T20:28:43	2017-01-30T20:28:43
73	payment	\N	20	2	Spree::Order	balance_due	2017-01-30T20:28:43	2017-01-30T20:28:43
74	shipment	\N	20	2	Spree::Order	backorder	2017-01-30T20:28:43	2017-01-30T20:28:43
75	order	cart	21	2	Spree::Order	address	2017-01-30T20:31:06	2017-01-30T20:31:06
76	order	address	21	2	Spree::Order	delivery	2017-01-30T20:31:06	2017-01-30T20:31:06
77	order	delivery	21	2	Spree::Order	payment	2017-01-30T20:31:06	2017-01-30T20:31:06
78	order	cart	22	8	Spree::Order	address	2017-01-30T20:47:25	2017-01-30T20:47:25
79	order	address	22	8	Spree::Order	delivery	2017-01-30T20:48:12	2017-01-30T20:48:12
80	order	delivery	22	8	Spree::Order	payment	2017-01-30T20:48:12	2017-01-30T20:48:12
81	order	payment	22	8	Spree::Order	complete	2017-01-30T20:48:17	2017-01-30T20:48:17
82	payment	\N	22	8	Spree::Order	balance_due	2017-01-30T20:48:17	2017-01-30T20:48:17
83	shipment	\N	22	8	Spree::Order	backorder	2017-01-30T20:48:17	2017-01-30T20:48:17
84	order	cart	23	8	Spree::Order	address	2017-01-30T20:49:27	2017-01-30T20:49:27
85	order	address	23	8	Spree::Order	delivery	2017-01-30T20:49:27	2017-01-30T20:49:27
86	order	delivery	23	8	Spree::Order	payment	2017-01-30T20:49:27	2017-01-30T20:49:27
\.


--
-- Data for Name: spree_states; Type: TABLE DATA;
--

COPY "spree_states" ("id", "name", "abbr", "country_id", "updated_at") FROM stdin;
1	Canillo	02	1	\N
2	Encamp	03	1	\N
3	La Massana	04	1	\N
4	Ordino	05	1	\N
5	Sant Juli de Lria	06	1	\N
6	Andorra la Vella	07	1	\N
7	Escaldes-Engordany	08	1	\N
8	'Ajmn	AJ	2	\N
9	Ab aby [Abu Dhabi]	AZ	2	\N
10	Dubayy	DU	2	\N
11	Al Fujayrah	FU	2	\N
12	Ras al Khaymah	RK	2	\N
13	Ash Shriqah	SH	2	\N
14	Umm al Qaywayn	UQ	2	\N
15	Balkh	BAL	3	\N
16	Bmyn	BAM	3	\N
17	Bdghs	BDG	3	\N
18	Badakhshn	BDS	3	\N
19	Baghln	BGL	3	\N
20	Dykund	DAY	3	\N
21	Farh	FRA	3	\N
22	Fryb	FYB	3	\N
23	Ghazn	GHA	3	\N
24	Ghr	GHO	3	\N
25	Helmand	HEL	3	\N
26	Hert	HER	3	\N
27	Jowzjn	JOW	3	\N
28	Kbul	KAB	3	\N
29	Kandahr	KAN	3	\N
30	Kps	KAP	3	\N
31	Kunduz	KDZ	3	\N
32	Khst	KHO	3	\N
33	Kunar	KNR	3	\N
34	Laghmn	LAG	3	\N
35	Lgar	LOG	3	\N
36	Nangarhr	NAN	3	\N
37	Nmrz	NIM	3	\N
38	Nristn	NUR	3	\N
39	Panjshayr	PAN	3	\N
40	Parwn	PAR	3	\N
41	Paktiy	PIA	3	\N
42	Paktk	PKA	3	\N
43	Samangn	SAM	3	\N
44	Sar-e Pul	SAR	3	\N
45	Takhr	TAK	3	\N
46	Uruzgn	URU	3	\N
47	Wardak	WAR	3	\N
48	Zbul	ZAB	3	\N
49	Saint George	03	4	\N
50	Saint John	04	4	\N
51	Saint Mary	05	4	\N
52	Saint Paul	06	4	\N
53	Saint Peter	07	4	\N
54	Saint Philip	08	4	\N
55	Barbuda	10	4	\N
56	Redonda	11	4	\N
57	Berat	01	6	\N
58	Durrs	02	6	\N
59	Elbasan	03	6	\N
60	Fier	04	6	\N
61	Gjirokastr	05	6	\N
62	Kor	06	6	\N
63	Kuks	07	6	\N
64	Lezh	08	6	\N
65	Dibr	09	6	\N
66	Shkodr	10	6	\N
67	Tiran	11	6	\N
68	Vlor	12	6	\N
69	Aragacotn	AG	7	\N
70	Ararat	AR	7	\N
71	Armavir	AV	7	\N
72	Erevan	ER	7	\N
73	Gegarkunik'	GR	7	\N
74	Kotayk'	KT	7	\N
75	Lory	LO	7	\N
76	Sirak	SH	7	\N
77	Syunik'	SU	7	\N
78	Tavus	TV	7	\N
79	Vayoc Jor	VD	7	\N
80	Bengo	BGO	8	\N
81	Benguela	BGU	8	\N
82	Bi	BIE	8	\N
83	Cabinda	CAB	8	\N
84	Cuando-Cubango	CCU	8	\N
85	Cunene	CNN	8	\N
86	Cuanza Norte	CNO	8	\N
87	Cuanza Sul	CUS	8	\N
88	Huambo	HUA	8	\N
89	Hula	HUI	8	\N
90	Lunda Norte	LNO	8	\N
91	Lunda Sul	LSU	8	\N
92	Luanda	LUA	8	\N
93	Malange	MAL	8	\N
94	Moxico	MOX	8	\N
95	Namibe	NAM	8	\N
96	Uge	UIG	8	\N
97	Zaire	ZAI	8	\N
98	Salta	A	10	\N
99	Buenos Aires	B	10	\N
100	Ciudad Autnoma de Buenos Aires	C	10	\N
101	San Luis	D	10	\N
102	Entre Rios	E	10	\N
103	Santiago del Estero	G	10	\N
104	Chaco	H	10	\N
105	San Juan	J	10	\N
106	Catamarca	K	10	\N
107	La Pampa	L	10	\N
108	Mendoza	M	10	\N
109	Misiones	N	10	\N
110	Formosa	P	10	\N
111	Neuquen	Q	10	\N
112	Rio Negro	R	10	\N
113	Santa Fe	S	10	\N
114	Tucuman	T	10	\N
115	Chubut	U	10	\N
116	Tierra del Fuego	V	10	\N
117	Corrientes	W	10	\N
118	Cordoba	X	10	\N
119	Jujuy	Y	10	\N
120	Santa Cruz	Z	10	\N
121	La Rioja	F	10	\N
122	Burgenland	1	12	\N
123	Krnten	2	12	\N
124	Niedersterreich	3	12	\N
125	Obersterreich	4	12	\N
126	Salzburg	5	12	\N
127	Steiermark	6	12	\N
128	Tirol	7	12	\N
129	Vorarlberg	8	12	\N
130	Wien	9	12	\N
131	Australian Capital Territory	ACT	13	\N
132	New South Wales	NSW	13	\N
133	Northern Territory	NT	13	\N
134	Queensland	QLD	13	\N
135	South Australia	SA	13	\N
136	Tasmania	TAS	13	\N
137	Victoria	VIC	13	\N
138	Western Australia	WA	13	\N
139	Aberon	ABS	16	\N
140	Astafa	AGA	16	\N
141	Acabdi	AGC	16	\N
142	Adam	AGM	16	\N
143	Ada	AGS	16	\N
144	Asu	AGU	16	\N
145	Astara	AST	16	\N
146	Bak	BA	16	\N
147	Balakn	BAL	16	\N
148	Brd	BAR	16	\N
149	Beylqan	BEY	16	\N
150	Bilsuvar	BIL	16	\N
151	Cbrayl	CAB	16	\N
152	Clilabab	CAL	16	\N
153	Daksn	DAS	16	\N
154	Fzuli	FUZ	16	\N
155	Gnc	GA	16	\N
156	Gdby	GAD	16	\N
157	Goranboy	GOR	16	\N
158	Gyay	GOY	16	\N
159	Gygl	GYG	16	\N
160	Hacqabul	HAC	16	\N
161	mili	IMI	16	\N
162	smayll	ISM	16	\N
163	Klbcr	KAL	16	\N
164	Krdmir	KUR	16	\N
165	Lnkran	LA	16	\N
166	Lan	LAC	16	\N
167	Lnkran	LAN	16	\N
168	Lerik	LER	16	\N
169	Masall	MAS	16	\N
170	Mingevir	MI	16	\N
171	Naftalan	NA	16	\N
172	Neftala	NEF	16	\N
173	Naxvan	NX	16	\N
174	Ouz	OGU	16	\N
175	Qbl	QAB	16	\N
176	Qax	QAX	16	\N
177	Qazax	QAZ	16	\N
178	Quba	QBA	16	\N
179	Qubadl	QBI	16	\N
180	Qobustan	QOB	16	\N
181	Qusar	QUS	16	\N
182	ki	SA	16	\N
183	Sabirabad	SAB	16	\N
184	ki	SAK	16	\N
185	Salyan	SAL	16	\N
186	Saatl	SAT	16	\N
187	abran	SBN	16	\N
188	Siyzn	SIY	16	\N
189	mkir	SKR	16	\N
190	Sumqayt	SM	16	\N
191	amax	SMI	16	\N
192	Samux	SMX	16	\N
193	irvan	SR	16	\N
194	ua	SUS	16	\N
195	Trtr	TAR	16	\N
196	Tovuz	TOV	16	\N
197	Ucar	UCA	16	\N
198	Xankndi	XA	16	\N
199	Xamaz	XAC	16	\N
200	Xocal	XCI	16	\N
201	Xz	XIZ	16	\N
202	Xocavnd	XVD	16	\N
203	Yardml	YAR	16	\N
204	Yevlax	YE	16	\N
205	Yevlax	YEV	16	\N
206	Zngilan	ZAN	16	\N
207	Zaqatala	ZAQ	16	\N
208	Zrdab	ZAR	16	\N
209	Federacija Bosne i Hercegovine	BIH	17	\N
210	Brko distrikt	BRC	17	\N
211	Republika Srpska	SRP	17	\N
212	Christ Church	01	18	\N
213	Saint Andrew	02	18	\N
214	Saint George	03	18	\N
215	Saint James	04	18	\N
216	Saint John	05	18	\N
217	Saint Joseph	06	18	\N
218	Saint Lucy	07	18	\N
219	Saint Michael	08	18	\N
220	Saint Peter	09	18	\N
221	Saint Philip	10	18	\N
222	Saint Thomas	11	18	\N
223	Barisal	A	19	\N
224	Chittagong	B	19	\N
225	Dhaka	C	19	\N
226	Khulna	D	19	\N
227	Rajshahi	E	19	\N
228	Rangpur	F	19	\N
229	Sylhet	G	19	\N
230	Bruxelles-Capitale, Rgion de;Brussels Hoofdstedelijk Gewest	BRU	20	\N
231	Vlaams Gewest	VLG	20	\N
232	wallonne, Rgion	WAL	20	\N
233	Boucle du Mouhoun	01	21	\N
234	Cascades	02	21	\N
235	Centre	03	21	\N
236	Centre-Est	04	21	\N
237	Centre-Nord	05	21	\N
238	Centre-Ouest	06	21	\N
239	Centre-Sud	07	21	\N
240	Est	08	21	\N
241	Hauts-Bassins	09	21	\N
242	Nord	10	21	\N
243	Plateau-Central	11	21	\N
244	Sahel	12	21	\N
245	Sud-Ouest	13	21	\N
246	Blagoevgrad	01	22	\N
247	Burgas	02	22	\N
248	Varna	03	22	\N
249	Veliko Tarnovo	04	22	\N
250	Vidin	05	22	\N
251	Vratsa	06	22	\N
252	Gabrovo	07	22	\N
253	Dobrich	08	22	\N
254	Kardzhali	09	22	\N
255	Kyustendil	10	22	\N
256	Lovech	11	22	\N
257	Montana	12	22	\N
258	Pazardzhik	13	22	\N
259	Pernik	14	22	\N
260	Pleven	15	22	\N
261	Plovdiv	16	22	\N
262	Razgrad	17	22	\N
263	Ruse	18	22	\N
264	Silistra	19	22	\N
265	Sliven	20	22	\N
266	Smolyan	21	22	\N
267	Sofia-Grad	22	22	\N
268	Sofia	23	22	\N
269	Stara Zagora	24	22	\N
270	Targovishte	25	22	\N
271	Haskovo	26	22	\N
272	Shumen	27	22	\N
273	Yambol	28	22	\N
274	Al Manmah (Al imah)	13	23	\N
275	Al Janbyah	14	23	\N
276	Al Muarraq	15	23	\N
277	Al Wus	16	23	\N
278	Ash Shamlyah	17	23	\N
279	Bubanza	BB	24	\N
280	Bujumbura Rural	BL	24	\N
281	Bujumbura Mairie	BM	24	\N
282	Bururi	BR	24	\N
283	Cankuzo	CA	24	\N
284	Cibitoke	CI	24	\N
285	Gitega	GI	24	\N
286	Kirundo	KI	24	\N
287	Karuzi	KR	24	\N
288	Kayanza	KY	24	\N
289	Makamba	MA	24	\N
290	Muramvya	MU	24	\N
291	Mwaro	MW	24	\N
292	Ngozi	NG	24	\N
293	Rutana	RT	24	\N
294	Ruyigi	RY	24	\N
295	Atakora	AK	25	\N
296	Alibori	AL	25	\N
297	Atlantique	AQ	25	\N
298	Borgou	BO	25	\N
299	Collines	CO	25	\N
300	Donga	DO	25	\N
301	Kouffo	KO	25	\N
302	Littoral	LI	25	\N
303	Mono	MO	25	\N
304	Oum	OU	25	\N
305	Plateau	PL	25	\N
306	Zou	ZO	25	\N
307	Belait	BE	28	\N
308	Brunei-Muara	BM	28	\N
309	Temburong	TE	28	\N
310	Tutong	TU	28	\N
311	El Beni	B	29	\N
312	Cochabamba	C	29	\N
313	Chuquisaca	H	29	\N
314	La Paz	L	29	\N
315	Pando	N	29	\N
316	Oruro	O	29	\N
317	Potos	P	29	\N
318	Santa Cruz	S	29	\N
319	Tarija	T	29	\N
320	Bonaire	BO	30	\N
321	Saba	SA	30	\N
322	Sint Eustatius	SE	30	\N
323	Acre	AC	31	\N
324	Alagoas	AL	31	\N
325	Amazonas	AM	31	\N
326	Amap	AP	31	\N
327	Bahia	BA	31	\N
328	Cear	CE	31	\N
329	Distrito Federal	DF	31	\N
330	Esprito Santo	ES	31	\N
331	Fernando de Noronha	FN	31	\N
332	Gois	GO	31	\N
333	Maranho	MA	31	\N
334	Minas Gerais	MG	31	\N
335	Mato Grosso do Sul	MS	31	\N
336	Mato Grosso	MT	31	\N
337	Par	PA	31	\N
338	Paraba	PB	31	\N
339	Pernambuco	PE	31	\N
340	Piau	PI	31	\N
341	Paran	PR	31	\N
342	Rio de Janeiro	RJ	31	\N
343	Rio Grande do Norte	RN	31	\N
344	Rondnia	RO	31	\N
345	Roraima	RR	31	\N
346	Rio Grande do Sul	RS	31	\N
347	Santa Catarina	SC	31	\N
348	Sergipe	SE	31	\N
349	So Paulo	SP	31	\N
350	Tocantins	TO	31	\N
351	Acklins	AK	32	\N
352	Bimini	BI	32	\N
353	Black Point	BP	32	\N
354	Berry Islands	BY	32	\N
355	Central Eleuthera	CE	32	\N
356	Cat Island	CI	32	\N
357	Crooked Island and Long Cay	CK	32	\N
358	Central Abaco	CO	32	\N
359	Central Andros	CS	32	\N
360	East Grand Bahama	EG	32	\N
361	Exuma	EX	32	\N
362	City of Freeport	FP	32	\N
363	Grand Cay	GC	32	\N
364	Harbour Island	HI	32	\N
365	Hope Town	HT	32	\N
366	Inagua	IN	32	\N
367	Long Island	LI	32	\N
368	Mangrove Cay	MC	32	\N
369	Mayaguana	MG	32	\N
370	Moore's Island	MI	32	\N
371	North Eleuthera	NE	32	\N
372	North Abaco	NO	32	\N
373	North Andros	NS	32	\N
374	Rum Cay	RC	32	\N
375	Ragged Island	RI	32	\N
376	South Andros	SA	32	\N
377	South Eleuthera	SE	32	\N
378	South Abaco	SO	32	\N
379	San Salvador	SS	32	\N
380	Spanish Wells	SW	32	\N
381	West Grand Bahama	WG	32	\N
382	Paro	11	33	\N
383	Chhukha	12	33	\N
384	Ha	13	33	\N
385	Samtee	14	33	\N
386	Thimphu	15	33	\N
387	Tsirang	21	33	\N
388	Dagana	22	33	\N
389	Punakha	23	33	\N
390	Wangdue Phodrang	24	33	\N
391	Sarpang	31	33	\N
392	Trongsa	32	33	\N
393	Bumthang	33	33	\N
394	Zhemgang	34	33	\N
395	Trashigang	41	33	\N
396	Monggar	42	33	\N
397	Pemagatshel	43	33	\N
398	Lhuentse	44	33	\N
399	Samdrup Jongkha	45	33	\N
400	Gasa	GA	33	\N
401	Trashi Yangtse	TY	33	\N
402	Central	CE	35	\N
403	Ghanzi	GH	35	\N
404	Kgalagadi	KG	35	\N
405	Kgatleng	KL	35	\N
406	Kweneng	KW	35	\N
407	North-East	NE	35	\N
408	North-West	NW	35	\N
409	South-East	SE	35	\N
410	Southern	SO	35	\N
411	Brsckaja voblasc'	BR	36	\N
412	Horad Minsk	HM	36	\N
413	Homel'skaja voblasc'	HO	36	\N
414	Hrodzenskaja voblasc'	HR	36	\N
415	Mahiluskaja voblasc'	MA	36	\N
416	Minskaja voblasc'	MI	36	\N
417	Vicebskaja voblasc'	VI	36	\N
418	Belize	BZ	37	\N
419	Cayo	CY	37	\N
420	Corozal	CZL	37	\N
421	Orange Walk	OW	37	\N
422	Stann Creek	SC	37	\N
423	Toledo	TOL	37	\N
424	Alberta	AB	38	\N
425	British Columbia	BC	38	\N
426	Manitoba	MB	38	\N
427	New Brunswick	NB	38	\N
428	Newfoundland and Labrador	NL	38	\N
429	Nova Scotia	NS	38	\N
430	Northwest Territories	NT	38	\N
431	Nunavut	NU	38	\N
432	Ontario	ON	38	\N
433	Prince Edward Island	PE	38	\N
434	Quebec	QC	38	\N
435	Saskatchewan	SK	38	\N
436	Yukon Territory	YT	38	\N
437	Bas-Congo	BC	40	\N
438	Bandundu	BN	40	\N
439	quateur	EQ	40	\N
440	Katanga	KA	40	\N
441	Kasai-Oriental	KE	40	\N
442	Kinshasa	KN	40	\N
443	Kasai-Occidental	KW	40	\N
444	Maniema	MA	40	\N
445	Nord-Kivu	NK	40	\N
446	Orientale	OR	40	\N
447	Sud-Kivu	SK	40	\N
448	Ouham	AC	41	\N
449	Bamingui-Bangoran	BB	41	\N
450	Bangui	BGF	41	\N
451	Basse-Kotto	BK	41	\N
452	Haute-Kotto	HK	41	\N
453	Haut-Mbomou	HM	41	\N
454	Haute-Sangha / Mambr-Kad	HS	41	\N
455	Gribingui	KB	41	\N
456	Kmo-Gribingui	KG	41	\N
457	Lobaye	LB	41	\N
458	Mbomou	MB	41	\N
459	Ombella-M'poko	MP	41	\N
460	Nana-Mambr	NM	41	\N
461	Ouham-Pend	OP	41	\N
462	Sangha	SE	41	\N
463	Ouaka	UK	41	\N
464	Vakaga	VK	41	\N
465	Bouenza	11	42	\N
466	Pool	12	42	\N
467	Sangha	13	42	\N
468	Plateaux	14	42	\N
469	Cuvette-Ouest	15	42	\N
470	Lkoumou	2	42	\N
471	Kouilou	5	42	\N
472	Likouala	7	42	\N
473	Cuvette	8	42	\N
474	Niari	9	42	\N
475	Brazzaville	BZV	42	\N
476	Aargau	AG	43	\N
477	Appenzell Innerrhoden	AI	43	\N
478	Appenzell Ausserrhoden	AR	43	\N
479	Bern	BE	43	\N
480	Basel-Landschaft	BL	43	\N
481	Basel-Stadt	BS	43	\N
482	Fribourg	FR	43	\N
483	Genve	GE	43	\N
484	Glarus	GL	43	\N
485	Graubnden	GR	43	\N
486	Jura	JU	43	\N
487	Luzern	LU	43	\N
488	Neuchtel	NE	43	\N
489	Nidwalden	NW	43	\N
490	Obwalden	OW	43	\N
491	Sankt Gallen	SG	43	\N
492	Schaffhausen	SH	43	\N
493	Solothurn	SO	43	\N
494	Schwyz	SZ	43	\N
495	Thurgau	TG	43	\N
496	Ticino	TI	43	\N
497	Uri	UR	43	\N
498	Vaud	VD	43	\N
499	Valais	VS	43	\N
500	Zug	ZG	43	\N
501	Zrich	ZH	43	\N
502	Lagunes (Rgion des)	01	44	\N
503	Haut-Sassandra (Rgion du)	02	44	\N
504	Savanes (Rgion des)	03	44	\N
505	Valle du Bandama (Rgion de la)	04	44	\N
506	Moyen-Como (Rgion du)	05	44	\N
507	18 Montagnes (Rgion des)	06	44	\N
508	Lacs (Rgion des)	07	44	\N
509	Zanzan (Rgion du)	08	44	\N
510	Bas-Sassandra (Rgion du)	09	44	\N
511	Dengul (Rgion du)	10	44	\N
512	Nzi-Como (Rgion)	11	44	\N
513	Marahou (Rgion de la)	12	44	\N
514	Sud-Como (Rgion du)	13	44	\N
515	Worodouqou (Rgion du)	14	44	\N
516	Sud-Bandama (Rgion du)	15	44	\N
517	Agnbi (Rgion de l')	16	44	\N
518	Bafing (Rgion du)	17	44	\N
519	Fromager (Rgion du)	18	44	\N
520	Moyen-Cavally (Rgion du)	19	44	\N
521	Aisn del General Carlos Ibez del Campo	AI	46	\N
522	Antofagasta	AN	46	\N
523	Arica y Parinacota	AP	46	\N
524	Araucana	AR	46	\N
525	Atacama	AT	46	\N
526	Bo-Bo	BI	46	\N
527	Coquimbo	CO	46	\N
528	Libertador General Bernardo O'Higgins	LI	46	\N
529	Los Lagos	LL	46	\N
530	Los Ros	LR	46	\N
531	Magallanes y Antrtica Chilena	MA	46	\N
532	Maule	ML	46	\N
533	Regin Metropolitana de Santiago	RM	46	\N
534	Tarapac	TA	46	\N
535	Valparaso	VS	46	\N
536	Adamaoua	AD	47	\N
537	Centre	CE	47	\N
538	Far North	EN	47	\N
539	East	ES	47	\N
540	Littoral	LT	47	\N
541	North	NO	47	\N
542	North-West (Cameroon)	NW	47	\N
543	West	OU	47	\N
544	South	SU	47	\N
545	South-West	SW	47	\N
546	Beijing	11	48	\N
547	Tianjin	12	48	\N
548	Hebei	13	48	\N
549	Shanxi	14	48	\N
550	Nei Mongol	15	48	\N
551	Liaoning	21	48	\N
552	Jilin	22	48	\N
553	Heilongjiang	23	48	\N
554	Shanghai	31	48	\N
555	Jiangsu	32	48	\N
556	Zhejiang	33	48	\N
557	Anhui	34	48	\N
558	Fujian	35	48	\N
559	Jiangxi	36	48	\N
560	Shandong	37	48	\N
561	Henan	41	48	\N
562	Hubei	42	48	\N
563	Hunan	43	48	\N
564	Guangdong	44	48	\N
565	Guangxi	45	48	\N
566	Hainan	46	48	\N
567	Chongqing	50	48	\N
568	Sichuan	51	48	\N
569	Guizhou	52	48	\N
570	Yunnan	53	48	\N
571	Xizang	54	48	\N
572	Shaanxi	61	48	\N
573	Gansu	62	48	\N
574	Qinghai	63	48	\N
575	Ningxia	64	48	\N
576	Xinjiang	65	48	\N
577	Taiwan	71	48	\N
578	Xianggang (Hong-Kong)	91	48	\N
579	Aomen (Macau)	92	48	\N
580	Amazonas	AMA	49	\N
581	Antioquia	ANT	49	\N
582	Arauca	ARA	49	\N
583	Atlntico	ATL	49	\N
584	Bolvar	BOL	49	\N
585	Boyac	BOY	49	\N
586	Caldas	CAL	49	\N
587	Caquet	CAQ	49	\N
588	Casanare	CAS	49	\N
589	Cauca	CAU	49	\N
590	Cesar	CES	49	\N
591	Choc	CHO	49	\N
592	Crdoba	COR	49	\N
593	Cundinamarca	CUN	49	\N
594	Distrito Capital de Bogot	DC	49	\N
595	Guaina	GUA	49	\N
596	Guaviare	GUV	49	\N
597	Huila	HUI	49	\N
598	La Guajira	LAG	49	\N
599	Magdalena	MAG	49	\N
600	Meta	MET	49	\N
601	Nario	NAR	49	\N
602	Norte de Santander	NSA	49	\N
603	Putumayo	PUT	49	\N
604	Quindo	QUI	49	\N
605	Risaralda	RIS	49	\N
606	Santander	SAN	49	\N
607	San Andrs, Providencia y Santa Catalina	SAP	49	\N
608	Sucre	SUC	49	\N
609	Tolima	TOL	49	\N
610	Valle del Cauca	VAC	49	\N
611	Vaups	VAU	49	\N
612	Vichada	VID	49	\N
613	Alajuela	A	50	\N
614	Cartago	C	50	\N
615	Guanacaste	G	50	\N
616	Heredia	H	50	\N
617	Limn	L	50	\N
618	Puntarenas	P	50	\N
619	San Jos	SJ	50	\N
620	Pinar del Rio	01	51	\N
621	La Habana	02	51	\N
622	Ciudad de La Habana	03	51	\N
623	Matanzas	04	51	\N
624	Villa Clara	05	51	\N
625	Cienfuegos	06	51	\N
626	Sancti Spritus	07	51	\N
627	Ciego de vila	08	51	\N
628	Camagey	09	51	\N
629	Las Tunas	10	51	\N
630	Holgun	11	51	\N
631	Granma	12	51	\N
632	Santiago de Cuba	13	51	\N
633	Guantnamo	14	51	\N
634	Isla de la Juventud	99	51	\N
635	Ilhas de Barlavento	B	52	\N
636	Ilhas de Sotavento	S	52	\N
637	Lefkosa	01	55	\N
638	Lemess	02	55	\N
639	Lrnaka	03	55	\N
640	Ammchostos	04	55	\N
641	Pfos	05	55	\N
642	Kerneia	06	55	\N
643	Jihoesk kraj	JC	56	\N
644	Jihomoravsk kraj	JM	56	\N
645	Karlovarsk kraj	KA	56	\N
646	Krlovhradeck kraj	KR	56	\N
647	Libereck kraj	LI	56	\N
648	Moravskoslezsk kraj	MO	56	\N
649	Olomouck kraj	OL	56	\N
650	Pardubick kraj	PA	56	\N
651	Plzesk kraj	PL	56	\N
652	Praha, hlavn msto	PR	56	\N
653	Stedoesk kraj	ST	56	\N
654	steck kraj	US	56	\N
655	Vysoina	VY	56	\N
656	Zlnsk kraj	ZL	56	\N
657	Brandenburg	BB	57	\N
658	Berlin	BE	57	\N
659	Baden-Wrttemberg	BW	57	\N
660	Bayern	BY	57	\N
661	Bremen	HB	57	\N
662	Hessen	HE	57	\N
663	Hamburg	HH	57	\N
664	Mecklenburg-Vorpommern	MV	57	\N
665	Niedersachsen	NI	57	\N
666	Nordrhein-Westfalen	NW	57	\N
667	Rheinland-Pfalz	RP	57	\N
668	Schleswig-Holstein	SH	57	\N
669	Saarland	SL	57	\N
670	Sachsen	SN	57	\N
671	Sachsen-Anhalt	ST	57	\N
672	Thringen	TH	57	\N
673	Arta	AR	58	\N
674	Ali Sabieh	AS	58	\N
675	Dikhil	DI	58	\N
676	Djibouti	DJ	58	\N
677	Obock	OB	58	\N
678	Tadjourah	TA	58	\N
679	Nordjylland	81	59	\N
680	Midtjylland	82	59	\N
681	Syddanmark	83	59	\N
682	Hovedstaden	84	59	\N
683	Sjlland	85	59	\N
684	Saint Peter	01	60	\N
685	Saint Andrew	02	60	\N
686	Saint David	03	60	\N
687	Saint George	04	60	\N
688	Saint John	05	60	\N
689	Saint Joseph	06	60	\N
690	Saint Luke	07	60	\N
691	Saint Mark	08	60	\N
692	Saint Patrick	09	60	\N
693	Saint Paul	10	60	\N
694	Distrito Nacional (Santo Domingo)	01	61	\N
695	Azua	02	61	\N
696	Bahoruco	03	61	\N
697	Barahona	04	61	\N
698	Dajabn	05	61	\N
699	Duarte	06	61	\N
700	La Estrelleta [Elas Pia]	07	61	\N
701	El Seybo [El Seibo]	08	61	\N
702	Espaillat	09	61	\N
703	Independencia	10	61	\N
704	La Altagracia	11	61	\N
705	La Romana	12	61	\N
706	La Vega	13	61	\N
707	Mara Trinidad Snchez	14	61	\N
708	Monte Cristi	15	61	\N
709	Pedernales	16	61	\N
710	Peravia	17	61	\N
711	Puerto Plata	18	61	\N
712	Salcedo	19	61	\N
713	Saman	20	61	\N
714	San Cristbal	21	61	\N
715	San Juan	22	61	\N
716	San Pedro de Macors	23	61	\N
717	Snchez Ramrez	24	61	\N
718	Santiago	25	61	\N
719	Santiago Rodrguez	26	61	\N
720	Valverde	27	61	\N
721	Monseor Nouel	28	61	\N
722	Monte Plata	29	61	\N
723	Hato Mayor	30	61	\N
724	Adrar	01	62	\N
725	Chlef	02	62	\N
726	Laghouat	03	62	\N
727	Oum el Bouaghi	04	62	\N
728	Batna	05	62	\N
729	Bjaa	06	62	\N
730	Biskra	07	62	\N
731	Bchar	08	62	\N
732	Blida	09	62	\N
733	Bouira	10	62	\N
734	Tamanghasset	11	62	\N
735	Tbessa	12	62	\N
736	Tlemcen	13	62	\N
737	Tiaret	14	62	\N
738	Tizi Ouzou	15	62	\N
739	Alger	16	62	\N
740	Djelfa	17	62	\N
741	Jijel	18	62	\N
742	Stif	19	62	\N
743	Sada	20	62	\N
744	Skikda	21	62	\N
745	Sidi Bel Abbs	22	62	\N
746	Annaba	23	62	\N
747	Guelma	24	62	\N
748	Constantine	25	62	\N
749	Mda	26	62	\N
750	Mostaganem	27	62	\N
751	Msila	28	62	\N
752	Mascara	29	62	\N
753	Ouargla	30	62	\N
754	Oran	31	62	\N
755	El Bayadh	32	62	\N
756	Illizi	33	62	\N
757	Bordj Bou Arrridj	34	62	\N
758	Boumerds	35	62	\N
759	El Tarf	36	62	\N
760	Tindouf	37	62	\N
761	Tissemsilt	38	62	\N
762	El Oued	39	62	\N
763	Khenchela	40	62	\N
764	Souk Ahras	41	62	\N
765	Tipaza	42	62	\N
766	Mila	43	62	\N
767	An Defla	44	62	\N
768	Naama	45	62	\N
769	An Tmouchent	46	62	\N
770	Ghardaa	47	62	\N
771	Relizane	48	62	\N
772	Azuay	A	63	\N
773	Bolvar	B	63	\N
774	Carchi	C	63	\N
775	Orellana	D	63	\N
776	Esmeraldas	E	63	\N
777	Caar	F	63	\N
778	Guayas	G	63	\N
779	Chimborazo	H	63	\N
780	Imbabura	I	63	\N
781	Loja	L	63	\N
782	Manab	M	63	\N
783	Napo	N	63	\N
784	El Oro	O	63	\N
785	Pichincha	P	63	\N
786	Los Ros	R	63	\N
787	Morona-Santiago	S	63	\N
788	Santo Domingo de los Tschilas	SD	63	\N
789	Santa Elena	SE	63	\N
790	Tungurahua	T	63	\N
791	Sucumbos	U	63	\N
792	Galpagos	W	63	\N
793	Cotopaxi	X	63	\N
794	Pastaza	Y	63	\N
795	Zamora-Chinchipe	Z	63	\N
796	Harjumaa	37	64	\N
797	Hiiumaa	39	64	\N
798	Ida-Virumaa	44	64	\N
799	Jgevamaa	49	64	\N
800	Jrvamaa	51	64	\N
801	Lnemaa	57	64	\N
802	Lne-Virumaa	59	64	\N
803	Plvamaa	65	64	\N
804	Prnumaa	67	64	\N
805	Raplamaa	70	64	\N
806	Saaremaa	74	64	\N
807	Tartumaa	78	64	\N
808	Valgamaa	82	64	\N
809	Viljandimaa	84	64	\N
810	Vrumaa	86	64	\N
811	Al Iskandaryah	ALX	65	\N
812	Aswn	ASN	65	\N
813	Asyt	AST	65	\N
814	Al Bahr al Ahmar	BA	65	\N
815	Al Buhayrah	BH	65	\N
816	Ban Suwayf	BNS	65	\N
817	Al Qhirah	C	65	\N
818	Ad Daqahlyah	DK	65	\N
819	Dumyt	DT	65	\N
820	Al Fayym	FYM	65	\N
821	Al Gharbyah	GH	65	\N
822	Al Jzah	GZ	65	\N
823	Hulwn	HU	65	\N
824	Al Ism`lyah	IS	65	\N
825	Janb Sn'	JS	65	\N
826	Al Qalybyah	KB	65	\N
827	Kafr ash Shaykh	KFS	65	\N
828	Qin	KN	65	\N
829	Al Miny	MN	65	\N
830	Al Minfyah	MNF	65	\N
831	Matrh	MT	65	\N
832	Br Sa`d	PTS	65	\N
833	Shj	SHG	65	\N
834	Ash Sharqyah	SHR	65	\N
835	Shamal Sn'	SIN	65	\N
836	As Sdis min Uktbar	SU	65	\N
837	As Suways	SUZ	65	\N
838	Al Wd al Jadd	WAD	65	\N
839	Ansab	AN	67	\N
840	Janb al Bar al Amar	DK	67	\N
841	Al Janb	DU	67	\N
842	Qsh-Barkah	GB	67	\N
843	Al Awsa	MA	67	\N
844	Shiml al Bar al Amar	SK	67	\N
845	Andaluca	AN	68	\N
846	Aragn	AR	68	\N
847	Asturias, Principado de	AS	68	\N
848	Cantabria	CB	68	\N
849	Ceuta	CE	68	\N
850	Castilla y Len	CL	68	\N
851	Castilla-La Mancha	CM	68	\N
852	Canarias	CN	68	\N
853	Catalunya	CT	68	\N
854	Extremadura	EX	68	\N
855	Galicia	GA	68	\N
856	Illes Balears	IB	68	\N
857	Murcia, Regin de	MC	68	\N
858	Madrid, Comunidad de	MD	68	\N
859	Melilla	ML	68	\N
860	Navarra, Comunidad Foral de / Nafarroako Foru Komunitatea	NC	68	\N
861	Pas Vasco / Euskal Herria	PV	68	\N
862	La Rioja	RI	68	\N
863	Valenciana, Comunidad / Valenciana, Comunitat 	VC	68	\N
864	ds beba	AA	69	\N
865	far	AF	69	\N
866	mara	AM	69	\N
867	Bnshangul Gumuz	BE	69	\N
868	Dir Dawa	DD	69	\N
869	Gambla Hizboch	GA	69	\N
870	Hrer Hizb	HA	69	\N
871	Oromya	OR	69	\N
872	YeDebub Bihroch Bihreseboch na Hizboch	SN	69	\N
873	Sumal	SO	69	\N
874	Tigray	TI	69	\N
875	Ahvenanmaan maakunta	01	70	\N
876	Etel-Karjala	02	70	\N
877	Etel-Pohjanmaa	03	70	\N
878	Etel-Savo	04	70	\N
879	Kainuu	05	70	\N
880	Kanta-Hme	06	70	\N
881	Keski-Pohjanmaa	07	70	\N
882	Keski-Suomi	08	70	\N
883	Kymenlaakso	09	70	\N
884	Lappi	10	70	\N
885	Pirkanmaa	11	70	\N
886	Pohjanmaa	12	70	\N
887	Pohjois-Karjala	13	70	\N
888	Pohjois-Pohjanmaa	14	70	\N
889	Pohjois-Savo	15	70	\N
890	Pijt-Hme	16	70	\N
891	Satakunta	17	70	\N
892	Uusimaa	18	70	\N
893	Varsinais-Suomi	19	70	\N
894	Central	C	71	\N
895	Eastern	E	71	\N
896	Northern	N	71	\N
897	Rotuma	R	71	\N
898	Western	W	71	\N
899	Kosrae	KSA	73	\N
900	Pohnpei	PNI	73	\N
901	Chuuk	TRK	73	\N
902	Yap	YAP	73	\N
903	Alsace	A	75	\N
904	Aquitaine	B	75	\N
905	Saint-Barthlemy	BL	75	\N
906	Auvergne	C	75	\N
907	Clipperton	CP	75	\N
908	Bourgogne	D	75	\N
909	Bretagne	E	75	\N
910	Centre	F	75	\N
911	Champagne-Ardenne	G	75	\N
912	Guyane	GF	75	\N
913	Guadeloupe	GP	75	\N
914	Corse	H	75	\N
915	Franche-Comt	I	75	\N
916	le-de-France	J	75	\N
917	Languedoc-Roussillon	K	75	\N
918	Limousin	L	75	\N
919	Lorraine	M	75	\N
920	Saint-Martin	MF	75	\N
921	Martinique	MQ	75	\N
922	Midi-Pyrnes	N	75	\N
923	Nouvelle-Caldonie	NC	75	\N
924	Nord-Pas-de-Calais	O	75	\N
925	Basse-Normandie	P	75	\N
926	Polynsie franaise	PF	75	\N
927	Saint-Pierre-et-Miquelon	PM	75	\N
928	Haute-Normandie	Q	75	\N
929	Pays de la Loire	R	75	\N
930	La Runion	RE	75	\N
931	Picardie	S	75	\N
932	Poitou-Charentes	T	75	\N
933	Terres australes franaises	TF	75	\N
934	Provence-Alpes-Cte d'Azur	U	75	\N
935	Rhne-Alpes	V	75	\N
936	Wallis-et-Futuna	WF	75	\N
937	Mayotte	YT	75	\N
938	Estuaire	1	76	\N
939	Haut-Ogoou	2	76	\N
940	Moyen-Ogoou	3	76	\N
941	Ngouni	4	76	\N
942	Nyanga	5	76	\N
943	Ogoou-Ivindo	6	76	\N
944	Ogoou-Lolo	7	76	\N
945	Ogoou-Maritime	8	76	\N
946	Woleu-Ntem	9	76	\N
947	Aberdeenshire	ABD	77	\N
948	Aberdeen City	ABE	77	\N
949	Argyll and Bute	AGB	77	\N
950	Isle of Anglesey;Sir Ynys Mn	AGY	77	\N
951	Angus	ANS	77	\N
952	Antrim	ANT	77	\N
953	Ards	ARD	77	\N
954	Armagh	ARM	77	\N
955	Bath and North East Somerset	BAS	77	\N
956	Blackburn with Darwen	BBD	77	\N
957	Bedford	BDF	77	\N
958	Barking and Dagenham	BDG	77	\N
959	Brent	BEN	77	\N
960	Bexley	BEX	77	\N
961	Belfast	BFS	77	\N
962	Bridgend;Pen-y-bont ar Ogwr	BGE	77	\N
963	Blaenau Gwent	BGW	77	\N
964	Birmingham	BIR	77	\N
965	Buckinghamshire	BKM	77	\N
966	Ballymena	BLA	77	\N
967	Ballymoney	BLY	77	\N
968	Bournemouth	BMH	77	\N
969	Banbridge	BNB	77	\N
970	Barnet	BNE	77	\N
971	Brighton and Hove	BNH	77	\N
972	Barnsley	BNS	77	\N
973	Bolton	BOL	77	\N
974	Blackpool	BPL	77	\N
975	Bracknell Forest	BRC	77	\N
976	Bradford	BRD	77	\N
977	Bromley	BRY	77	\N
978	Bristol, City of	BST	77	\N
979	Bury	BUR	77	\N
980	Cambridgeshire	CAM	77	\N
981	Caerphilly;Caerffili	CAY	77	\N
982	Central Bedfordshire	CBF	77	\N
983	Ceredigion;Sir Ceredigion	CGN	77	\N
984	Craigavon	CGV	77	\N
985	Cheshire East	CHE	77	\N
986	Cheshire West and Chester	CHW	77	\N
987	Carrickfergus	CKF	77	\N
988	Cookstown	CKT	77	\N
989	Calderdale	CLD	77	\N
990	Clackmannanshire	CLK	77	\N
991	Coleraine	CLR	77	\N
992	Cumbria	CMA	77	\N
993	Camden	CMD	77	\N
994	Carmarthenshire;Sir Gaerfyrddin	CMN	77	\N
995	Cornwall	CON	77	\N
996	Coventry	COV	77	\N
997	Cardiff;Caerdydd	CRF	77	\N
998	Croydon	CRY	77	\N
999	Castlereagh	CSR	77	\N
1000	Conwy	CWY	77	\N
1001	Darlington	DAL	77	\N
1002	Derbyshire	DBY	77	\N
1003	Denbighshire;Sir Ddinbych	DEN	77	\N
1004	Derby	DER	77	\N
1005	Devon	DEV	77	\N
1006	Dungannon and South Tyrone	DGN	77	\N
1007	Dumfries and Galloway	DGY	77	\N
1008	Doncaster	DNC	77	\N
1009	Dundee City	DND	77	\N
1010	Dorset	DOR	77	\N
1011	Down	DOW	77	\N
1012	Derry	DRY	77	\N
1013	Dudley	DUD	77	\N
1014	Durham, County	DUR	77	\N
1015	Ealing	EAL	77	\N
1016	England and Wales	EAW	77	\N
1017	East Ayrshire	EAY	77	\N
1018	Edinburgh, City of	EDH	77	\N
1019	East Dunbartonshire	EDU	77	\N
1020	East Lothian	ELN	77	\N
1021	Eilean Siar	ELS	77	\N
1022	Enfield	ENF	77	\N
1023	England	ENG	77	\N
1024	East Renfrewshire	ERW	77	\N
1025	East Riding of Yorkshire	ERY	77	\N
1026	Essex	ESS	77	\N
1027	East Sussex	ESX	77	\N
1028	Falkirk	FAL	77	\N
1029	Fermanagh	FER	77	\N
1030	Fife	FIF	77	\N
1031	Flintshire;Sir y Fflint	FLN	77	\N
1032	Gateshead	GAT	77	\N
1033	Great Britain	GBN	77	\N
1034	Glasgow City	GLG	77	\N
1035	Gloucestershire	GLS	77	\N
1036	Greenwich	GRE	77	\N
1037	Gwynedd	GWN	77	\N
1038	Halton	HAL	77	\N
1039	Hampshire	HAM	77	\N
1040	Havering	HAV	77	\N
1041	Hackney	HCK	77	\N
1042	Herefordshire	HEF	77	\N
1043	Hillingdon	HIL	77	\N
1044	Highland	HLD	77	\N
1045	Hammersmith and Fulham	HMF	77	\N
1046	Hounslow	HNS	77	\N
1047	Hartlepool	HPL	77	\N
1048	Hertfordshire	HRT	77	\N
1049	Harrow	HRW	77	\N
1050	Haringey	HRY	77	\N
1051	Isle of Wight	IOW	77	\N
1052	Islington	ISL	77	\N
1053	Inverclyde	IVC	77	\N
1054	Kensington and Chelsea	KEC	77	\N
1055	Kent	KEN	77	\N
1056	Kingston upon Hull	KHL	77	\N
1057	Kirklees	KIR	77	\N
1058	Kingston upon Thames	KTT	77	\N
1059	Knowsley	KWL	77	\N
1060	Lancashire	LAN	77	\N
1061	Lambeth	LBH	77	\N
1062	Leicester	LCE	77	\N
1063	Leeds	LDS	77	\N
1064	Leicestershire	LEC	77	\N
1065	Lewisham	LEW	77	\N
1066	Lincolnshire	LIN	77	\N
1067	Liverpool	LIV	77	\N
1068	Limavady	LMV	77	\N
1069	London, City of	LND	77	\N
1070	Larne	LRN	77	\N
1071	Lisburn	LSB	77	\N
1072	Luton	LUT	77	\N
1073	Manchester	MAN	77	\N
1074	Middlesbrough	MDB	77	\N
1075	Medway	MDW	77	\N
1076	Magherafelt	MFT	77	\N
1077	Milton Keynes	MIK	77	\N
1078	Midlothian	MLN	77	\N
1079	Monmouthshire;Sir Fynwy	MON	77	\N
1080	Merton	MRT	77	\N
1081	Moray	MRY	77	\N
1082	Merthyr Tydfil;Merthyr Tudful	MTY	77	\N
1083	Moyle	MYL	77	\N
1084	North Ayrshire	NAY	77	\N
1085	Northumberland	NBL	77	\N
1086	North Down	NDN	77	\N
1087	North East Lincolnshire	NEL	77	\N
1088	Newcastle upon Tyne	NET	77	\N
1089	Norfolk	NFK	77	\N
1090	Nottingham	NGM	77	\N
1091	Northern Ireland	NIR	77	\N
1092	North Lanarkshire	NLK	77	\N
1093	North Lincolnshire	NLN	77	\N
1094	North Somerset	NSM	77	\N
1095	Newtownabbey	NTA	77	\N
1096	Northamptonshire	NTH	77	\N
1097	Neath Port Talbot;Castell-nedd Port Talbot	NTL	77	\N
1098	Nottinghamshire	NTT	77	\N
1099	North Tyneside	NTY	77	\N
1100	Newham	NWM	77	\N
1101	Newport;Casnewydd	NWP	77	\N
1102	North Yorkshire	NYK	77	\N
1103	Newry and Mourne	NYM	77	\N
1104	Oldham	OLD	77	\N
1105	Omagh	OMH	77	\N
1106	Orkney Islands	ORK	77	\N
1107	Oxfordshire	OXF	77	\N
1108	Pembrokeshire;Sir Benfro	PEM	77	\N
1109	Perth and Kinross	PKN	77	\N
1110	Plymouth	PLY	77	\N
1111	Poole	POL	77	\N
1112	Portsmouth	POR	77	\N
1113	Powys	POW	77	\N
1114	Peterborough	PTE	77	\N
1115	Redcar and Cleveland	RCC	77	\N
1116	Rochdale	RCH	77	\N
1117	Rhondda, Cynon, Taff;Rhondda, Cynon,Taf	RCT	77	\N
1118	Redbridge	RDB	77	\N
1119	Reading	RDG	77	\N
1120	Renfrewshire	RFW	77	\N
1121	Richmond upon Thames	RIC	77	\N
1122	Rotherham	ROT	77	\N
1123	Rutland	RUT	77	\N
1124	Sandwell	SAW	77	\N
1125	South Ayrshire	SAY	77	\N
1126	Scottish Borders, The	SCB	77	\N
1127	Scotland	SCT	77	\N
1128	Suffolk	SFK	77	\N
1129	Sefton	SFT	77	\N
1130	South Gloucestershire	SGC	77	\N
1131	Sheffield	SHF	77	\N
1132	St. Helens	SHN	77	\N
1133	Shropshire	SHR	77	\N
1134	Stockport	SKP	77	\N
1135	Salford	SLF	77	\N
1136	Slough	SLG	77	\N
1137	South Lanarkshire	SLK	77	\N
1138	Sunderland	SND	77	\N
1139	Solihull	SOL	77	\N
1140	Somerset	SOM	77	\N
1141	Southend-on-Sea	SOS	77	\N
1142	Surrey	SRY	77	\N
1143	Strabane	STB	77	\N
1144	Stoke-on-Trent	STE	77	\N
1145	Stirling	STG	77	\N
1146	Southampton	STH	77	\N
1147	Sutton	STN	77	\N
1148	Staffordshire	STS	77	\N
1149	Stockton-on-Tees	STT	77	\N
1150	South Tyneside	STY	77	\N
1151	Swansea;Abertawe	SWA	77	\N
1152	Swindon	SWD	77	\N
1153	Southwark	SWK	77	\N
1154	Tameside	TAM	77	\N
1155	Telford and Wrekin	TFW	77	\N
1156	Thurrock	THR	77	\N
1157	Torbay	TOB	77	\N
1158	Torfaen;Tor-faen	TOF	77	\N
1159	Trafford	TRF	77	\N
1160	Tower Hamlets	TWH	77	\N
1161	United Kingdom	UKM	77	\N
1162	Vale of Glamorgan, The;Bro Morgannwg	VGL	77	\N
1163	Warwickshire	WAR	77	\N
1164	West Berkshire	WBK	77	\N
1165	West Dunbartonshire	WDU	77	\N
1166	Waltham Forest	WFT	77	\N
1167	Wigan	WGN	77	\N
1168	Wakefield	WKF	77	\N
1169	Walsall	WLL	77	\N
1170	West Lothian	WLN	77	\N
1171	Wales	WLS	77	\N
1172	Wolverhampton	WLV	77	\N
1173	Wandsworth	WND	77	\N
1174	Windsor and Maidenhead	WNM	77	\N
1175	Wokingham	WOK	77	\N
1176	Worcestershire	WOR	77	\N
1177	Wirral	WRL	77	\N
1178	Warrington	WRT	77	\N
1179	Wrexham;Wrecsam	WRX	77	\N
1180	Westminster	WSM	77	\N
1181	West Sussex	WSX	77	\N
1182	York	YOR	77	\N
1183	Shetland Islands	ZET	77	\N
1184	Wiltshire	WIL	77	\N
1185	Saint Andrew	01	78	\N
1186	Saint David	02	78	\N
1187	Saint George	03	78	\N
1188	Saint John	04	78	\N
1189	Saint Mark	05	78	\N
1190	Saint Patrick	06	78	\N
1191	Southern Grenadine Islands	10	78	\N
1192	Abkhazia	AB	79	\N
1193	Ajaria	AJ	79	\N
1194	Guria	GU	79	\N
1195	Imereti	IM	79	\N
1196	Kakheti	KA	79	\N
1197	Kvemo Kartli	KK	79	\N
1198	Mtskheta-Mtianeti	MM	79	\N
1199	Racha-Lechkhumi-Kvemo Svaneti	RL	79	\N
1200	Samtskhe-Javakheti	SJ	79	\N
1201	Shida Kartli	SK	79	\N
1202	Samegrelo-Zemo Svaneti	SZ	79	\N
1203	Tbilisi	TB	79	\N
1204	Greater Accra	AA	82	\N
1205	Ashanti	AH	82	\N
1206	Brong-Ahafo	BA	82	\N
1207	Central	CP	82	\N
1208	Eastern	EP	82	\N
1209	Northern	NP	82	\N
1210	Volta	TV	82	\N
1211	Upper East	UE	82	\N
1212	Upper West	UW	82	\N
1213	Western	WP	82	\N
1214	Kommune Kujalleq	KU	84	\N
1215	Qaasuitsup Kommunia	QA	84	\N
1216	Qeqqata Kommunia	QE	84	\N
1217	Kommuneqarfik Sermersooq	SM	84	\N
1218	Banjul	B	85	\N
1219	Lower River	L	85	\N
1220	Central River	M	85	\N
1221	North Bank	N	85	\N
1222	Upper River	U	85	\N
1223	Western	W	85	\N
1224	Bok	B	86	\N
1225	Conakry	C	86	\N
1226	Kindia	D	86	\N
1227	Faranah	F	86	\N
1228	Kankan	K	86	\N
1229	Lab	L	86	\N
1230	Mamou	M	86	\N
1231	Nzrkor	N	86	\N
1232	Regin Continental	C	88	\N
1233	Regin Insular	I	88	\N
1234	Agio Oros	69	89	\N
1235	Anatoliki Makedonia kai Thraki	A	89	\N
1236	Kentriki Makedonia	B	89	\N
1237	Dytiki Makedonia	C	89	\N
1238	Ipeiros	D	89	\N
1239	Thessalia	E	89	\N
1240	Ionia Nisia	F	89	\N
1241	Dytiki Ellada	G	89	\N
1242	Sterea Ellada	H	89	\N
1243	Attiki	I	89	\N
1244	Peloponnisos	J	89	\N
1245	Voreio Aigaio	K	89	\N
1246	Notio Aigaio	L	89	\N
1247	Kriti	M	89	\N
1248	Alta Verapaz	AV	91	\N
1249	Baja Verapaz	BV	91	\N
1250	Chimaltenango	CM	91	\N
1251	Chiquimula	CQ	91	\N
1252	Escuintla	ES	91	\N
1253	Guatemala	GU	91	\N
1254	Huehuetenango	HU	91	\N
1255	Izabal	IZ	91	\N
1256	Jalapa	JA	91	\N
1257	Jutiapa	JU	91	\N
1258	Petn	PE	91	\N
1259	El Progreso	PR	91	\N
1260	Quich	QC	91	\N
1261	Quetzaltenango	QZ	91	\N
1262	Retalhuleu	RE	91	\N
1263	Sacatepquez	SA	91	\N
1264	San Marcos	SM	91	\N
1265	Solol	SO	91	\N
1266	Santa Rosa	SR	91	\N
1267	Suchitepquez	SU	91	\N
1268	Totonicapn	TO	91	\N
1269	Zacapa	ZA	91	\N
1270	Bissau	BS	93	\N
1271	Leste	L	93	\N
1272	Norte	N	93	\N
1273	Sul	S	93	\N
1274	Barima-Waini	BA	94	\N
1275	Cuyuni-Mazaruni	CU	94	\N
1276	Demerara-Mahaica	DE	94	\N
1277	East Berbice-Corentyne	EB	94	\N
1278	Essequibo Islands-West Demerara	ES	94	\N
1279	Mahaica-Berbice	MA	94	\N
1280	Pomeroon-Supenaam	PM	94	\N
1281	Potaro-Siparuni	PT	94	\N
1282	Upper Demerara-Berbice	UD	94	\N
1283	Upper Takutu-Upper Essequibo	UT	94	\N
1284	Atlntida	AT	97	\N
1285	Choluteca	CH	97	\N
1286	Coln	CL	97	\N
1287	Comayagua	CM	97	\N
1288	Copn	CP	97	\N
1289	Corts	CR	97	\N
1290	El Paraso	EP	97	\N
1291	Francisco Morazn	FM	97	\N
1292	Gracias a Dios	GD	97	\N
1293	Islas de la Baha	IB	97	\N
1294	Intibuc	IN	97	\N
1295	Lempira	LE	97	\N
1296	La Paz	LP	97	\N
1297	Ocotepeque	OC	97	\N
1298	Olancho	OL	97	\N
1299	Santa Brbara	SB	97	\N
1300	Valle	VA	97	\N
1301	Yoro	YO	97	\N
1302	Zagrebaka upanija	01	98	\N
1303	Krapinsko-zagorska upanija	02	98	\N
1304	Sisako-moslavaka upanija	03	98	\N
1305	Karlovaka upanija	04	98	\N
1306	Varadinska upanija	05	98	\N
1307	Koprivniko-krievaka upanija	06	98	\N
1308	Bjelovarsko-bilogorska upanija	07	98	\N
1309	Primorsko-goranska upanija	08	98	\N
1310	Liko-senjska upanija	09	98	\N
1311	Virovitiko-podravska upanija	10	98	\N
1312	Poeko-slavonska upanija	11	98	\N
1313	Brodsko-posavska upanija	12	98	\N
1314	Zadarska upanija	13	98	\N
1315	Osjeko-baranjska upanija	14	98	\N
1316	ibensko-kninska upanija	15	98	\N
1317	Vukovarsko-srijemska upanija	16	98	\N
1318	Splitsko-dalmatinska upanija	17	98	\N
1319	Istarska upanija	18	98	\N
1320	Dubrovako-neretvanska upanija	19	98	\N
1321	Meimurska upanija	20	98	\N
1322	Grad Zagreb	21	98	\N
1323	Artibonite	AR	99	\N
1324	Centre	CE	99	\N
1325	Grande-Anse	GA	99	\N
1326	Nord	ND	99	\N
1327	Nord-Est	NE	99	\N
1328	Nord-Ouest	NO	99	\N
1329	Ouest	OU	99	\N
1330	Sud	SD	99	\N
1331	Sud-Est	SE	99	\N
1332	Baranya	BA	100	\N
1333	Bkscsaba	BC	100	\N
1334	Bks	BE	100	\N
1335	Bcs-Kiskun	BK	100	\N
1336	Budapest	BU	100	\N
1337	Borsod-Abaj-Zempln	BZ	100	\N
1338	Csongrd	CS	100	\N
1339	Debrecen	DE	100	\N
1340	Dunajvros	DU	100	\N
1341	Eger	EG	100	\N
1342	rd	ER	100	\N
1343	Fejr	FE	100	\N
1344	Gyr-Moson-Sopron	GS	100	\N
1345	Gyr	GY	100	\N
1346	Hajd-Bihar	HB	100	\N
1347	Heves	HE	100	\N
1348	Hdmezvsrhely	HV	100	\N
1349	Jsz-Nagykun-Szolnok	JN	100	\N
1350	Komrom-Esztergom	KE	100	\N
1351	Kecskemt	KM	100	\N
1352	Kaposvr	KV	100	\N
1353	Miskolc	MI	100	\N
1354	Nagykanizsa	NK	100	\N
1355	Ngrd	NO	100	\N
1356	Nyregyhza	NY	100	\N
1357	Pest	PE	100	\N
1358	Pcs	PS	100	\N
1359	Szeged	SD	100	\N
1360	Szkesfehrvr	SF	100	\N
1361	Szombathely	SH	100	\N
1362	Szolnok	SK	100	\N
1363	Sopron	SN	100	\N
1364	Somogy	SO	100	\N
1365	Szekszrd	SS	100	\N
1366	Salgtarjn	ST	100	\N
1367	Szabolcs-Szatmr-Bereg	SZ	100	\N
1368	Tatabnya	TB	100	\N
1369	Tolna	TO	100	\N
1370	Vas	VA	100	\N
1371	Veszprm (county)	VE	100	\N
1372	Veszprm	VM	100	\N
1373	Zala	ZA	100	\N
1374	Zalaegerszeg	ZE	100	\N
1375	Papua	IJ	101	\N
1376	Jawa	JW	101	\N
1377	Kalimantan	KA	101	\N
1378	Maluku	ML	101	\N
1379	Nusa Tenggara	NU	101	\N
1380	Sulawesi	SL	101	\N
1381	Sumatera	SM	101	\N
1382	Connacht	C	102	\N
1383	Leinster	L	102	\N
1384	Munster	M	102	\N
1385	Ulster	U	102	\N
1386	HaDarom	D	103	\N
1387	Hefa	HA	103	\N
1388	Yerushalayim Al Quds	JM	103	\N
1389	HaMerkaz	M	103	\N
1390	Tel-Aviv	TA	103	\N
1391	HaZafon	Z	103	\N
1392	Andaman and Nicobar Islands	AN	105	\N
1393	Andhra Pradesh	AP	105	\N
1394	Arunachal Pradesh	AR	105	\N
1395	Assam	AS	105	\N
1396	Bihar	BR	105	\N
1397	Chandigarh	CH	105	\N
1398	Chhattisgarh	CT	105	\N
1399	Damen and Diu	DD	105	\N
1400	Delhi	DL	105	\N
1401	Dadra and Nagar Haveli	DN	105	\N
1402	Goa	GA	105	\N
1403	Gujarat	GJ	105	\N
1404	Himachal Pradesh	HP	105	\N
1405	Haryana	HR	105	\N
1406	Jharkhand	JH	105	\N
1407	Jammu and Kashmir	JK	105	\N
1408	Karnataka	KA	105	\N
1409	Kerala	KL	105	\N
1410	Lakshadweep	LD	105	\N
1411	Maharashtra	MH	105	\N
1412	Meghalaya	ML	105	\N
1413	Manipur	MN	105	\N
1414	Madhya Pradesh	MP	105	\N
1415	Mizoram	MZ	105	\N
1416	Nagaland	NL	105	\N
1417	Orissa	OR	105	\N
1418	Punjab	PB	105	\N
1419	Puducherry	PY	105	\N
1420	Rajasthan	RJ	105	\N
1421	Sikkim	SK	105	\N
1422	Tamil Nadu	TN	105	\N
1423	Tripura	TR	105	\N
1424	Uttar Pradesh	UP	105	\N
1425	Uttarakhand	UT	105	\N
1426	West Bengal	WB	105	\N
1427	Al Anbar	AN	107	\N
1428	Arbil	AR	107	\N
1429	Al Basrah	BA	107	\N
1430	Babil	BB	107	\N
1431	Baghdad	BG	107	\N
1432	Dahuk	DA	107	\N
1433	Diyala	DI	107	\N
1434	Dhi Qar	DQ	107	\N
1435	Karbala'	KA	107	\N
1436	Maysan	MA	107	\N
1437	Al Muthanna	MU	107	\N
1438	An Najef	NA	107	\N
1439	Ninawa	NI	107	\N
1440	Al Qadisiyah	QA	107	\N
1441	Salah ad Din	SD	107	\N
1442	As Sulaymaniyah	SW	107	\N
1443	At Ta'mim	TS	107	\N
1444	Wasit	WA	107	\N
1445	zarbyjn-e Sharq	01	108	\N
1446	zarbyjn-e Gharb	02	108	\N
1447	Ardabl	03	108	\N
1448	Efahn	04	108	\N
1449	lm	05	108	\N
1450	Bshehr	06	108	\N
1451	Tehrn	07	108	\N
1452	Chahr Mahll va Bakhtr	08	108	\N
1453	Khzestn	10	108	\N
1454	Zanjn	11	108	\N
1455	Semnn	12	108	\N
1456	Sstn va Balchestn	13	108	\N
1457	Frs	14	108	\N
1458	Kermn	15	108	\N
1459	Kordestn	16	108	\N
1460	Kermnshh	17	108	\N
1461	Kohglyeh va Byer Ahmad	18	108	\N
1462	Gln	19	108	\N
1463	Lorestn	20	108	\N
1464	Mzandarn	21	108	\N
1465	Markaz	22	108	\N
1466	Hormozgn	23	108	\N
1467	Hamadn	24	108	\N
1468	Yazd	25	108	\N
1469	Qom	26	108	\N
1470	Golestn	27	108	\N
1471	Qazvn	28	108	\N
1472	Khorsn-e Janb	29	108	\N
1473	Khorsn-e Razav	30	108	\N
1474	Khorsn-e Sheml	31	108	\N
1475	Reykjavk	0	109	\N
1476	Hfuborgarsvi	1	109	\N
1477	Suurnes	2	109	\N
1478	Vesturland	3	109	\N
1479	Vestfirir	4	109	\N
1480	Norurland vestra	5	109	\N
1481	Norurland eystra	6	109	\N
1482	Austurland	7	109	\N
1483	Suurland	8	109	\N
1484	Piemonte	21	110	\N
1485	Valle d'Aosta	23	110	\N
1486	Lombardia	25	110	\N
1487	Trentino-Alto Adige	32	110	\N
1488	Veneto	34	110	\N
1489	Friuli-Venezia Giulia	36	110	\N
1490	Liguria	42	110	\N
1491	Emilia-Romagna	45	110	\N
1492	Toscana	52	110	\N
1493	Umbria	55	110	\N
1494	Marche	57	110	\N
1495	Lazio	62	110	\N
1496	Abruzzo	65	110	\N
1497	Molise	67	110	\N
1498	Campania	72	110	\N
1499	Puglia	75	110	\N
1500	Basilicata	77	110	\N
1501	Calabria	78	110	\N
1502	Sicilia	82	110	\N
1503	Sardegna	88	110	\N
1504	Kingston	01	112	\N
1505	Saint Andrew	02	112	\N
1506	Saint Thomas	03	112	\N
1507	Portland	04	112	\N
1508	Saint Mary	05	112	\N
1509	Saint Ann	06	112	\N
1510	Trelawny	07	112	\N
1511	Saint James	08	112	\N
1512	Hanover	09	112	\N
1513	Westmoreland	10	112	\N
1514	Saint Elizabeth	11	112	\N
1515	Manchester	12	112	\N
1516	Clarendon	13	112	\N
1517	Saint Catherine	14	112	\N
1518	Ajln	AJ	113	\N
1519	Ammn (Al Aimah)	AM	113	\N
1520	Al Aqabah	AQ	113	\N
1521	A aflah	AT	113	\N
1522	Az Zarq'	AZ	113	\N
1523	Al Balq'	BA	113	\N
1524	Irbid	IR	113	\N
1525	Jarash	JA	113	\N
1526	Al Karak	KA	113	\N
1527	Al Mafraq	MA	113	\N
1528	Mdab	MD	113	\N
1529	Man	MN	113	\N
1530	Hokkaido	01	114	\N
1531	Aomori	02	114	\N
1532	Iwate	03	114	\N
1533	Miyagi	04	114	\N
1534	Akita	05	114	\N
1535	Yamagata	06	114	\N
1536	Fukushima	07	114	\N
1537	Ibaraki	08	114	\N
1538	Tochigi	09	114	\N
1539	Gunma	10	114	\N
1540	Saitama	11	114	\N
1541	Chiba	12	114	\N
1542	Tokyo	13	114	\N
1543	Kanagawa	14	114	\N
1544	Niigata	15	114	\N
1545	Toyama	16	114	\N
1546	Ishikawa	17	114	\N
1547	Fukui	18	114	\N
1548	Yamanashi	19	114	\N
1549	Nagano	20	114	\N
1550	Gifu	21	114	\N
1551	Shizuoka	22	114	\N
1552	Aichi	23	114	\N
1553	Mie	24	114	\N
1554	Shiga	25	114	\N
1555	Kyoto	26	114	\N
1556	Osaka	27	114	\N
1557	Hyogo	28	114	\N
1558	Nara	29	114	\N
1559	Wakayama	30	114	\N
1560	Tottori	31	114	\N
1561	Shimane	32	114	\N
1562	Okayama	33	114	\N
1563	Hiroshima	34	114	\N
1564	Yamaguchi	35	114	\N
1565	Tokushima	36	114	\N
1566	Kagawa	37	114	\N
1567	Ehime	38	114	\N
1568	Kochi	39	114	\N
1569	Fukuoka	40	114	\N
1570	Saga	41	114	\N
1571	Nagasaki	42	114	\N
1572	Kumamoto	43	114	\N
1573	Oita	44	114	\N
1574	Miyazaki	45	114	\N
1575	Kagoshima	46	114	\N
1576	Okinawa	47	114	\N
1577	Nairobi Municipality	110	115	\N
1578	Central	200	115	\N
1579	Coast	300	115	\N
1580	Eastern	400	115	\N
1581	North-Eastern Kaskazini Mashariki	500	115	\N
1582	Rift Valley	700	115	\N
1583	Western Magharibi	800	115	\N
1584	Batken	B	116	\N
1585	Ch	C	116	\N
1586	Bishkek	GB	116	\N
1587	Jalal-Abad	J	116	\N
1588	Naryn	N	116	\N
1589	Osh	O	116	\N
1590	Talas	T	116	\N
1591	Ysyk-Kl	Y	116	\N
1592	Banteay Mean Chey	1	117	\N
1593	Krachoh	10	117	\N
1594	Mondol Kiri	11	117	\N
1595	Phnom Penh	12	117	\N
1596	Preah Vihear	13	117	\N
1597	Prey Veaeng	14	117	\N
1598	Pousaat	15	117	\N
1599	Rotanak Kiri	16	117	\N
1600	Siem Reab	17	117	\N
1601	Krong Preah Sihanouk	18	117	\N
1602	Stueng Traeng	19	117	\N
1603	Battambang	2	117	\N
1604	Svaay Rieng	20	117	\N
1605	Taakaev	21	117	\N
1606	Otdar Mean Chey	22	117	\N
1607	Krong Kaeb	23	117	\N
1608	Krong Pailin	24	117	\N
1609	Kampong Cham	3	117	\N
1610	Kampong Chhnang	4	117	\N
1611	Kampong Speu	5	117	\N
1612	Kampong Thom	6	117	\N
1613	Kampot	7	117	\N
1614	Kandal	8	117	\N
1615	Kach Kong	9	117	\N
1616	Gilbert Islands	G	118	\N
1617	Line Islands	L	118	\N
1618	Phoenix Islands	P	118	\N
1619	Andjoun (Anjwn)	A	119	\N
1620	Andjazdja (Anjazjah)	G	119	\N
1621	Mohl (Mhl)	M	119	\N
1622	Saint Kitts	K	120	\N
1623	Nevis	N	120	\N
1624	Pyngyang	01	121	\N
1625	Pyngan-namdo	02	121	\N
1626	Pyngan-bukto	03	121	\N
1627	Chagang-do	04	121	\N
1628	Hwanghae-namdo	05	121	\N
1629	Hwanghae-bukto	06	121	\N
1630	Kangwn-do	07	121	\N
1631	Hamgyng-namdo	08	121	\N
1632	Hamgyng-bukto	09	121	\N
1633	Yanggang-do	10	121	\N
1634	Nasn (Najin-Snbong)	13	121	\N
1635	Seoul Teugbyeolsi	11	122	\N
1636	Busan Gwang'yeogsi	26	122	\N
1637	Daegu Gwang'yeogsi	27	122	\N
1638	Incheon Gwang'yeogsi	28	122	\N
1639	Gwangju Gwang'yeogsi	29	122	\N
1640	Daejeon Gwang'yeogsi	30	122	\N
1641	Ulsan Gwang'yeogsi	31	122	\N
1642	Gyeonggido	41	122	\N
1643	Gang'weondo	42	122	\N
1644	Chungcheongbukdo	43	122	\N
1645	Chungcheongnamdo	44	122	\N
1646	Jeonrabukdo	45	122	\N
1647	Jeonranamdo	46	122	\N
1648	Gyeongsangbukdo	47	122	\N
1649	Gyeongsangnamdo	48	122	\N
1650	Jejudo	49	122	\N
1651	Al Ahmadi	AH	123	\N
1652	Al Farwnyah	FA	123	\N
1653	Hawall	HA	123	\N
1654	Al Jahrr	JA	123	\N
1655	Al Kuwayt (Al imah)	KU	123	\N
1656	Mubrak al Kabr	MU	123	\N
1657	Aqmola oblysy	AKM	125	\N
1658	Aqtbe oblysy	AKT	125	\N
1659	Almaty	ALA	125	\N
1660	Almaty oblysy	ALM	125	\N
1661	Astana	AST	125	\N
1662	Atyra oblysy	ATY	125	\N
1663	Qaraghandy oblysy	KAR	125	\N
1664	Qostanay oblysy	KUS	125	\N
1665	Qyzylorda oblysy	KZY	125	\N
1666	Mangghysta oblysy	MAN	125	\N
1667	Pavlodar oblysy	PAV	125	\N
1668	Soltstik Quzaqstan oblysy	SEV	125	\N
1669	Shyghys Qazaqstan oblysy	VOS	125	\N
1670	Ongtstik Qazaqstan oblysy	YUZ	125	\N
1671	Batys Quzaqstan oblysy	ZAP	125	\N
1672	Zhambyl oblysy	ZHA	125	\N
1673	Attapu	AT	126	\N
1674	Boko	BK	126	\N
1675	Bolikhamxai	BL	126	\N
1676	Champasak	CH	126	\N
1677	Houaphan	HO	126	\N
1678	Khammouan	KH	126	\N
1679	Louang Namtha	LM	126	\N
1680	Louangphabang	LP	126	\N
1681	Oudmxai	OU	126	\N
1682	Phngsali	PH	126	\N
1683	Salavan	SL	126	\N
1684	Savannakht	SV	126	\N
1685	Vientiane	VI	126	\N
1686	Vientiane	VT	126	\N
1687	Xaignabouli	XA	126	\N
1688	Xkong	XE	126	\N
1689	Xiangkhoang	XI	126	\N
1690	Xiasmboun	XN	126	\N
1691	Aakkr	AK	127	\N
1692	Liban-Nord	AS	127	\N
1693	Beyrouth	BA	127	\N
1694	Baalbek-Hermel	BH	127	\N
1695	Bqaa	BI	127	\N
1696	Liban-Sud	JA	127	\N
1697	Mont-Liban	JL	127	\N
1698	Nabaty	NA	127	\N
1699	Balzers	01	129	\N
1700	Eschen	02	129	\N
1701	Gamprin	03	129	\N
1702	Mauren	04	129	\N
1703	Planken	05	129	\N
1704	Ruggell	06	129	\N
1705	Schaan	07	129	\N
1706	Schellenberg	08	129	\N
1707	Triesen	09	129	\N
1708	Triesenberg	10	129	\N
1709	Vaduz	11	129	\N
1710	Basnhira pata	1	130	\N
1711	Madhyama pata	2	130	\N
1712	Dakuu pata	3	130	\N
1713	Uturu pata	4	130	\N
1714	Ngnahira pata	5	130	\N
1715	Vayamba pata	6	130	\N
1716	Uturumda pata	7	130	\N
1717	va pata	8	130	\N
1718	Sabaragamuva pata	9	130	\N
1719	Bong	BG	131	\N
1720	Bomi	BM	131	\N
1721	Grand Cape Mount	CM	131	\N
1722	Grand Bassa	GB	131	\N
1723	Grand Gedeh	GG	131	\N
1724	Grand Kru	GK	131	\N
1725	Lofa	LO	131	\N
1726	Margibi	MG	131	\N
1727	Montserrado	MO	131	\N
1728	Maryland	MY	131	\N
1729	Nimba	NI	131	\N
1730	Rivercess	RI	131	\N
1731	Sinoe	SI	131	\N
1732	Maseru	A	132	\N
1733	Butha-Buthe	B	132	\N
1734	Leribe	C	132	\N
1735	Berea	D	132	\N
1736	Mafeteng	E	132	\N
1737	Mohale's Hoek	F	132	\N
1738	Quthing	G	132	\N
1739	Qacha's Nek	H	132	\N
1740	Mokhotlong	J	132	\N
1741	Thaba-Tseka	K	132	\N
1742	Alytaus Apskritis	AL	133	\N
1743	Klaipdos Apskritis	KL	133	\N
1744	Kauno Apskritis	KU	133	\N
1745	Marijampols Apskritis	MR	133	\N
1746	Panevio Apskritis	PN	133	\N
1747	iauli Apskritis	SA	133	\N
1748	Taurags Apskritis	TA	133	\N
1749	Teli Apskritis	TE	133	\N
1750	Utenos Apskritis	UT	133	\N
1751	Vilniaus Apskritis	VL	133	\N
1752	Diekirch	D	134	\N
1753	Grevenmacher	G	134	\N
1754	Luxembourg	L	134	\N
1755	Aglonas novads	001	135	\N
1756	Aizkraukles novads	002	135	\N
1757	Aizputes novads	003	135	\N
1758	Aknstes novads	004	135	\N
1759	Alojas novads	005	135	\N
1760	Alsungas novads	006	135	\N
1761	Alksnes novads	007	135	\N
1762	Amatas novads	008	135	\N
1763	Apes novads	009	135	\N
1764	Auces novads	010	135	\N
1765	dau novads	011	135	\N
1766	Babtes novads	012	135	\N
1767	Baldones novads	013	135	\N
1768	Baltinavas novads	014	135	\N
1769	Balvu novads	015	135	\N
1770	Bauskas novads	016	135	\N
1771	Bevernas novads	017	135	\N
1772	Brocnu novads	018	135	\N
1773	Burtnieku novads	019	135	\N
1774	Carnikavas novads	020	135	\N
1775	Cesvaines novads	021	135	\N
1776	Csu novads	022	135	\N
1777	Ciblas novads	023	135	\N
1778	Dagdas novads	024	135	\N
1779	Daugavpils novads	025	135	\N
1780	Dobeles novads	026	135	\N
1781	Dundagas novads	027	135	\N
1782	Durbes novads	028	135	\N
1783	Engures novads	029	135	\N
1784	rgu novads	030	135	\N
1785	Garkalnes novads	031	135	\N
1786	Grobias novads	032	135	\N
1787	Gulbenes novads	033	135	\N
1788	Iecavas novads	034	135	\N
1789	Ikiles novads	035	135	\N
1790	Ilkstes novads	036	135	\N
1791	Inukalna novads	037	135	\N
1792	Jaunjelgavas novads	038	135	\N
1793	Jaunpiebalgas novads	039	135	\N
1794	Jaunpils novads	040	135	\N
1795	Jelgavas novads	041	135	\N
1796	Jkabpils novads	042	135	\N
1797	Kandavas novads	043	135	\N
1798	Krsavas novads	044	135	\N
1799	Kocnu novads	045	135	\N
1800	Kokneses novads	046	135	\N
1801	Krslavas novads	047	135	\N
1802	Krimuldas novads	048	135	\N
1803	Krustpils novads	049	135	\N
1804	Kuldgas novads	050	135	\N
1805	eguma novads	051	135	\N
1806	ekavas novads	052	135	\N
1807	Lielvrdes novads	053	135	\N
1808	Limbau novads	054	135	\N
1809	Lgatnes novads	055	135	\N
1810	Lvnu novads	056	135	\N
1811	Lubnas novads	057	135	\N
1812	Ludzas novads	058	135	\N
1813	Madonas novads	059	135	\N
1814	Mazsalacas novads	060	135	\N
1815	Mlpils novads	061	135	\N
1816	Mrupes novads	062	135	\N
1817	Mrsraga novads	063	135	\N
1818	Nauknu novads	064	135	\N
1819	Neretas novads	065	135	\N
1820	Ncas novads	066	135	\N
1821	Ogres novads	067	135	\N
1822	Olaines novads	068	135	\N
1823	Ozolnieku novads	069	135	\N
1824	Prgaujas novads	070	135	\N
1825	Pvilostas novads	071	135	\N
1826	Paviu novads	072	135	\N
1827	Preiu novads	073	135	\N
1828	Priekules novads	074	135	\N
1829	Priekuu novads	075	135	\N
1830	Raunas novads	076	135	\N
1831	Rzeknes novads	077	135	\N
1832	Riebiu novads	078	135	\N
1833	Rojas novads	079	135	\N
1834	Ropau novads	080	135	\N
1835	Rucavas novads	081	135	\N
1836	Rugju novads	082	135	\N
1837	Rundles novads	083	135	\N
1838	Rjienas novads	084	135	\N
1839	Salas novads	085	135	\N
1840	Salacgrvas novads	086	135	\N
1841	Salaspils novads	087	135	\N
1842	Saldus novads	088	135	\N
1843	Saulkrastu novads	089	135	\N
1844	Sjas novads	090	135	\N
1845	Siguldas novads	091	135	\N
1846	Skrveru novads	092	135	\N
1847	Skrundas novads	093	135	\N
1848	Smiltenes novads	094	135	\N
1849	Stopiu novads	095	135	\N
1850	Strenu novads	096	135	\N
1851	Talsu novads	097	135	\N
1852	Trvetes novads	098	135	\N
1853	Tukuma novads	099	135	\N
1854	Vaiodes novads	100	135	\N
1855	Valkas novads	101	135	\N
1856	Varaknu novads	102	135	\N
1857	Vrkavas novads	103	135	\N
1858	Vecpiebalgas novads	104	135	\N
1859	Vecumnieku novads	105	135	\N
1860	Ventspils novads	106	135	\N
1861	Viestes novads	107	135	\N
1862	Viakas novads	108	135	\N
1863	Vinu novads	109	135	\N
1864	Zilupes novads	110	135	\N
1865	Daugavpils	DGV	135	\N
1866	Jelgava	JEL	135	\N
1867	Jkabpils	JKB	135	\N
1868	Jrmala	JUR	135	\N
1869	Liepja	LPX	135	\N
1870	Rzekne	REZ	135	\N
1871	Rga	RIX	135	\N
1872	Ventspils	VEN	135	\N
1873	Valmiera	VMR	135	\N
1874	Banghz	BA	136	\N
1875	Al Bunn	BU	136	\N
1876	Darnah	DR	136	\N
1877	Ght	GT	136	\N
1878	Al Jabal al Akhar	JA	136	\N
1879	Jaghbb	JB	136	\N
1880	Al Jabal al Gharb	JG	136	\N
1881	Al Jifrah	JI	136	\N
1882	Al Jufrah	JU	136	\N
1883	Al Kufrah	KF	136	\N
1884	Al Marqab	MB	136	\N
1885	Mirtah	MI	136	\N
1886	Al Marj	MJ	136	\N
1887	Murzuq	MQ	136	\N
1888	Nlt	NL	136	\N
1889	An Nuqa al Khams	NQ	136	\N
1890	Sabh	SB	136	\N
1891	Surt	SR	136	\N
1892	arbulus	TB	136	\N
1893	Al Wht	WA	136	\N
1894	Wd al ayt	WD	136	\N
1895	Wd ash Shi	WS	136	\N
1896	Az Zwiyah	ZA	136	\N
1897	Tanger-Ttouan	01	137	\N
1898	Gharb-Chrarda-Beni Hssen	02	137	\N
1899	Taza-Al Hoceima-Taounate	03	137	\N
1900	L'Oriental	04	137	\N
1901	Fs-Boulemane	05	137	\N
1902	Mekns-Tafilalet	06	137	\N
1903	Rabat-Sal-Zemmour-Zaer	07	137	\N
1904	Grand Casablanca	08	137	\N
1905	Chaouia-Ouardigha	09	137	\N
1906	Doukhala-Abda	10	137	\N
1907	Marrakech-Tensift-Al Haouz	11	137	\N
1908	Tadla-Azilal	12	137	\N
1909	Sous-Massa-Draa	13	137	\N
1910	Guelmim-Es Smara	14	137	\N
1911	Layoune-Boujdour-Sakia el Hamra	15	137	\N
1912	Oued ed Dahab-Lagouira	16	137	\N
1913	La Colle	CL	138	\N
1914	La Condamine	CO	138	\N
1915	Fontvieille	FO	138	\N
1916	La Gare	GA	138	\N
1917	Jardin Exotique	JE	138	\N
1918	Larvotto	LA	138	\N
1919	Malbousquet	MA	138	\N
1920	Monte-Carlo	MC	138	\N
1921	Moneghetti	MG	138	\N
1922	Monaco-Ville	MO	138	\N
1923	Moulins	MU	138	\N
1924	Port-Hercule	PH	138	\N
1925	Sainte-Dvote	SD	138	\N
1926	La Source	SO	138	\N
1927	Splugues	SP	138	\N
1928	Saint-Roman	SR	138	\N
1929	Vallon de la Rousse	VR	138	\N
1930	Anenii Noi	AN	139	\N
1931	Bli	BA	139	\N
1932	Tighina	BD	139	\N
1933	Briceni	BR	139	\N
1934	Basarabeasca	BS	139	\N
1935	Cahul	CA	139	\N
1936	Clrai	CL	139	\N
1937	Cimilia	CM	139	\N
1938	Criuleni	CR	139	\N
1939	Cueni	CS	139	\N
1940	Cantemir	CT	139	\N
1941	Chiinu	CU	139	\N
1942	Dondueni	DO	139	\N
1943	Drochia	DR	139	\N
1944	Dubsari	DU	139	\N
1945	Edine	ED	139	\N
1946	Fleti	FA	139	\N
1947	Floreti	FL	139	\N
1948	Gguzia, Unitatea teritorial autonom	GA	139	\N
1949	Glodeni	GL	139	\N
1950	Hnceti	HI	139	\N
1951	Ialoveni	IA	139	\N
1952	Leova	LE	139	\N
1953	Nisporeni	NI	139	\N
1954	Ocnia	OC	139	\N
1955	Orhei	OR	139	\N
1956	Rezina	RE	139	\N
1957	Rcani	RI	139	\N
1958	oldneti	SD	139	\N
1959	Sngerei	SI	139	\N
1960	Stnga Nistrului, unitatea teritorial din	SN	139	\N
1961	Soroca	SO	139	\N
1962	Streni	ST	139	\N
1963	tefan Vod	SV	139	\N
1964	Taraclia	TA	139	\N
1965	Teleneti	TE	139	\N
1966	Ungheni	UN	139	\N
1967	Andrijevica	01	140	\N
1968	Bar	02	140	\N
1969	Berane	03	140	\N
1970	Bijelo Polje	04	140	\N
1971	Budva	05	140	\N
1972	Cetinje	06	140	\N
1973	Danilovgrad	07	140	\N
1974	Herceg-Novi	08	140	\N
1975	Kolain	09	140	\N
1976	Kotor	10	140	\N
1977	Mojkovac	11	140	\N
1978	Niki	12	140	\N
1979	Plav	13	140	\N
1980	Pljevlja	14	140	\N
1981	Pluine	15	140	\N
1982	Podgorica	16	140	\N
1983	Roaje	17	140	\N
1984	avnik	18	140	\N
1985	Tivat	19	140	\N
1986	Ulcinj	20	140	\N
1987	abljak	21	140	\N
1988	Toamasina	A	142	\N
1989	Antsiranana	D	142	\N
1990	Fianarantsoa	F	142	\N
1991	Mahajanga	M	142	\N
1992	Antananarivo	T	142	\N
1993	Toliara	U	142	\N
1994	Ralik chain	L	143	\N
1995	Ratak chain	T	143	\N
1996	Aerodrom	01	144	\N
1997	Arainovo	02	144	\N
1998	Berovo	03	144	\N
1999	Bitola	04	144	\N
2000	Bogdanci	05	144	\N
2001	Bogovinje	06	144	\N
2002	Bosilovo	07	144	\N
2003	Brvenica	08	144	\N
2004	Butel	09	144	\N
2005	Valandovo	10	144	\N
2006	Vasilevo	11	144	\N
2007	Vevani	12	144	\N
2008	Veles	13	144	\N
2009	Vinica	14	144	\N
2010	Vranetica	15	144	\N
2011	Vrapite	16	144	\N
2012	Gazi Baba	17	144	\N
2013	Gevgelija	18	144	\N
2014	Gostivar	19	144	\N
2015	Gradsko	20	144	\N
2016	Debar	21	144	\N
2017	Debarca	22	144	\N
2018	Delevo	23	144	\N
2019	Demir Kapija	24	144	\N
2020	Demir Hisar	25	144	\N
2021	Dojran	26	144	\N
2022	Dolneni	27	144	\N
2023	Drugovo	28	144	\N
2024	Gjore Petrov	29	144	\N
2025	elino	30	144	\N
2026	Zajas	31	144	\N
2027	Zelenikovo	32	144	\N
2028	Zrnovci	33	144	\N
2029	Ilinden	34	144	\N
2030	Jegunovce	35	144	\N
2031	Kavadarci	36	144	\N
2032	Karbinci	37	144	\N
2033	Karpo	38	144	\N
2034	Kisela Voda	39	144	\N
2035	Kievo	40	144	\N
2036	Kone	41	144	\N
2037	Koani	42	144	\N
2038	Kratovo	43	144	\N
2039	Kriva Palanka	44	144	\N
2040	Krivogatani	45	144	\N
2041	Kruevo	46	144	\N
2042	Kumanovo	47	144	\N
2043	Lipkovo	48	144	\N
2044	Lozovo	49	144	\N
2045	Mavrovo-i-Rostua	50	144	\N
2046	Makedonska Kamenica	51	144	\N
2047	Makedonski Brod	52	144	\N
2048	Mogila	53	144	\N
2049	Negotino	54	144	\N
2050	Novaci	55	144	\N
2051	Novo Selo	56	144	\N
2052	Oslomej	57	144	\N
2053	Ohrid	58	144	\N
2054	Petrovec	59	144	\N
2055	Pehevo	60	144	\N
2056	Plasnica	61	144	\N
2057	Prilep	62	144	\N
2058	Probitip	63	144	\N
2059	Radovi	64	144	\N
2060	Rankovce	65	144	\N
2061	Resen	66	144	\N
2062	Rosoman	67	144	\N
2063	Saraj	68	144	\N
2064	Sveti Nikole	69	144	\N
2065	Sopite	70	144	\N
2066	Staro Nagoriane	71	144	\N
2067	Struga	72	144	\N
2068	Strumica	73	144	\N
2069	Studeniani	74	144	\N
2070	Tearce	75	144	\N
2071	Tetovo	76	144	\N
2072	Centar	77	144	\N
2073	Centar upa	78	144	\N
2074	air	79	144	\N
2075	aka	80	144	\N
2076	einovo-Obleevo	81	144	\N
2077	uer Sandevo	82	144	\N
2078	tip	83	144	\N
2079	uto Orizari	84	144	\N
2080	Kayes	1	145	\N
2081	Koulikoro	2	145	\N
2082	Sikasso	3	145	\N
2083	Sgou	4	145	\N
2084	Mopti	5	145	\N
2085	Tombouctou	6	145	\N
2086	Gao	7	145	\N
2087	Kidal	8	145	\N
2088	Bamako	BK0	145	\N
2089	Sagaing	01	146	\N
2090	Bago	02	146	\N
2091	Magway	03	146	\N
2092	Mandalay	04	146	\N
2093	Tanintharyi	05	146	\N
2094	Yangon	06	146	\N
2095	Ayeyarwady	07	146	\N
2096	Kachin	11	146	\N
2097	Kayah	12	146	\N
2098	Kayin	13	146	\N
2099	Chin	14	146	\N
2100	Mon	15	146	\N
2101	Rakhine	16	146	\N
2102	Shan	17	146	\N
2103	Orhon	035	147	\N
2104	Darhan uul	037	147	\N
2105	Hentiy	039	147	\N
2106	Hvsgl	041	147	\N
2107	Hovd	043	147	\N
2108	Uvs	046	147	\N
2109	Tv	047	147	\N
2110	Selenge	049	147	\N
2111	Shbaatar	051	147	\N
2112	mngovi	053	147	\N
2113	vrhangay	055	147	\N
2114	Dzavhan	057	147	\N
2115	Dundgovi	059	147	\N
2116	Dornod	061	147	\N
2117	Dornogovi	063	147	\N
2118	Govi-Sumber	064	147	\N
2119	Govi-Altay	065	147	\N
2120	Bulgan	067	147	\N
2121	Bayanhongor	069	147	\N
2122	Bayan-lgiy	071	147	\N
2123	Arhangay	073	147	\N
2124	Ulanbaatar	1	147	\N
2125	Hodh ech Chargui	01	151	\N
2126	Hodh el Charbi	02	151	\N
2127	Assaba	03	151	\N
2128	Gorgol	04	151	\N
2129	Brakna	05	151	\N
2130	Trarza	06	151	\N
2131	Adrar	07	151	\N
2132	Dakhlet Nouadhibou	08	151	\N
2133	Tagant	09	151	\N
2134	Guidimaka	10	151	\N
2135	Tiris Zemmour	11	151	\N
2136	Inchiri	12	151	\N
2137	Nouakchott	NKC	151	\N
2138	Attard	01	153	\N
2139	Balzan	02	153	\N
2140	Birgu	03	153	\N
2141	Birkirkara	04	153	\N
2142	Birebbua	05	153	\N
2143	Bormla	06	153	\N
2144	Dingli	07	153	\N
2145	Fgura	08	153	\N
2146	Floriana	09	153	\N
2147	Fontana	10	153	\N
2148	Gudja	11	153	\N
2149	Gira	12	153	\N
2150	Gajnsielem	13	153	\N
2151	Garb	14	153	\N
2152	Gargur	15	153	\N
2153	Gasri	16	153	\N
2154	Gaxaq	17	153	\N
2155	amrun	18	153	\N
2156	Iklin	19	153	\N
2157	Isla	20	153	\N
2158	Kalkara	21	153	\N
2159	Kerem	22	153	\N
2160	Kirkop	23	153	\N
2161	Lija	24	153	\N
2162	Luqa	25	153	\N
2163	Marsa	26	153	\N
2164	Marsaskala	27	153	\N
2165	Marsaxlokk	28	153	\N
2166	Mdina	29	153	\N
2167	Melliea	30	153	\N
2168	Marr	31	153	\N
2169	Mosta	32	153	\N
2170	Mqabba	33	153	\N
2171	Msida	34	153	\N
2172	Mtarfa	35	153	\N
2173	Munxar	36	153	\N
2174	Nadur	37	153	\N
2175	Naxxar	38	153	\N
2176	Paola	39	153	\N
2177	Pembroke	40	153	\N
2178	Piet	41	153	\N
2179	Qala	42	153	\N
2180	Qormi	43	153	\N
2181	Qrendi	44	153	\N
2182	Rabat Gawdex	45	153	\N
2183	Rabat Malta	46	153	\N
2184	Safi	47	153	\N
2185	San iljan	48	153	\N
2186	San wann	49	153	\N
2187	San Lawrenz	50	153	\N
2188	San Pawl il-Baar	51	153	\N
2189	Sannat	52	153	\N
2190	Santa Luija	53	153	\N
2191	Santa Venera	54	153	\N
2192	Siiewi	55	153	\N
2193	Sliema	56	153	\N
2194	Swieqi	57	153	\N
2195	Ta Xbiex	58	153	\N
2196	Tarxien	59	153	\N
2197	Valletta	60	153	\N
2198	Xagra	61	153	\N
2199	Xewkija	62	153	\N
2200	Xgajra	63	153	\N
2201	abbar	64	153	\N
2202	ebbu Gawdex	65	153	\N
2203	ebbu Malta	66	153	\N
2204	ejtun	67	153	\N
2205	urrieq	68	153	\N
2206	Agalega Islands	AG	154	\N
2207	Black River	BL	154	\N
2208	Beau Bassin-Rose Hill	BR	154	\N
2209	Cargados Carajos Shoals	CC	154	\N
2210	Curepipe	CU	154	\N
2211	Flacq	FL	154	\N
2212	Grand Port	GP	154	\N
2213	Moka	MO	154	\N
2214	Pamplemousses	PA	154	\N
2215	Port Louis	PL	154	\N
2216	Port Louis	PU	154	\N
2217	Plaines Wilhems	PW	154	\N
2218	Quatre Bornes	QB	154	\N
2219	Rodrigues Island	RO	154	\N
2220	Rivire du Rempart	RP	154	\N
2221	Savanne	SA	154	\N
2222	Vacoas-Phoenix	VP	154	\N
2223	Central	CE	155	\N
2224	Male	MLE	155	\N
2225	North Central	NC	155	\N
2226	North	NO	155	\N
2227	South Central	SC	155	\N
2228	South	SU	155	\N
2229	Upper North	UN	155	\N
2230	Upper South	US	155	\N
2231	Central Region	C	156	\N
2232	Northern Region	N	156	\N
2233	Southern Region	S	156	\N
2234	Aguascalientes	AGU	157	\N
2235	Baja California	BCN	157	\N
2236	Baja California Sur	BCS	157	\N
2237	Campeche	CAM	157	\N
2238	Chihuahua	CHH	157	\N
2239	Chiapas	CHP	157	\N
2240	Coahuila	COA	157	\N
2241	Colima	COL	157	\N
2242	Distrito Federal	DIF	157	\N
2243	Durango	DUR	157	\N
2244	Guerrero	GRO	157	\N
2245	Guanajuato	GUA	157	\N
2246	Hidalgo	HID	157	\N
2247	Jalisco	JAL	157	\N
2248	Mxico	MEX	157	\N
2249	Michoacn	MIC	157	\N
2250	Morelos	MOR	157	\N
2251	Nayarit	NAY	157	\N
2252	Nuevo Len	NLE	157	\N
2253	Oaxaca	OAX	157	\N
2254	Puebla	PUE	157	\N
2255	Quertaro	QUE	157	\N
2256	Quintana Roo	ROO	157	\N
2257	Sinaloa	SIN	157	\N
2258	San Luis Potos	SLP	157	\N
2259	Sonora	SON	157	\N
2260	Tabasco	TAB	157	\N
2261	Tamaulipas	TAM	157	\N
2262	Tlaxcala	TLA	157	\N
2263	Veracruz	VER	157	\N
2264	Yucatn	YUC	157	\N
2265	Zacatecas	ZAC	157	\N
2266	Johor	01	158	\N
2267	Kedah	02	158	\N
2268	Kelantan	03	158	\N
2269	Melaka	04	158	\N
2270	Negeri Sembilan	05	158	\N
2271	Pahang	06	158	\N
2272	Pulau Pinang	07	158	\N
2273	Perak	08	158	\N
2274	Perlis	09	158	\N
2275	Selangor	10	158	\N
2276	Terengganu	11	158	\N
2277	Sabah	12	158	\N
2278	Sarawak	13	158	\N
2279	Wilayah Persekutuan Kuala Lumpur	14	158	\N
2280	Wilayah Persekutuan Labuan	15	158	\N
2281	Wilayah Persekutuan Putrajaya	16	158	\N
2282	Niassa	A	159	\N
2283	Manica	B	159	\N
2284	Gaza	G	159	\N
2285	Inhambane	I	159	\N
2286	Maputo	L	159	\N
2287	Maputo (city)	MPM	159	\N
2288	Numpula	N	159	\N
2289	Cabo Delgado	P	159	\N
2290	Zambezia	Q	159	\N
2291	Sofala	S	159	\N
2292	Tete	T	159	\N
2293	Caprivi	CA	160	\N
2294	Erongo	ER	160	\N
2295	Hardap	HA	160	\N
2296	Karas	KA	160	\N
2297	Khomas	KH	160	\N
2298	Kunene	KU	160	\N
2299	Otjozondjupa	OD	160	\N
2300	Omaheke	OH	160	\N
2301	Okavango	OK	160	\N
2302	Oshana	ON	160	\N
2303	Omusati	OS	160	\N
2304	Oshikoto	OT	160	\N
2305	Ohangwena	OW	160	\N
2306	Agadez	1	162	\N
2307	Diffa	2	162	\N
2308	Dosso	3	162	\N
2309	Maradi	4	162	\N
2310	Tahoua	5	162	\N
2311	Tillabri	6	162	\N
2312	Zinder	7	162	\N
2313	Niamey	8	162	\N
2314	Abia	AB	164	\N
2315	Adamawa	AD	164	\N
2316	Akwa Ibom	AK	164	\N
2317	Anambra	AN	164	\N
2318	Bauchi	BA	164	\N
2319	Benue	BE	164	\N
2320	Borno	BO	164	\N
2321	Bayelsa	BY	164	\N
2322	Cross River	CR	164	\N
2323	Delta	DE	164	\N
2324	Ebonyi	EB	164	\N
2325	Edo	ED	164	\N
2326	Ekiti	EK	164	\N
2327	Enugu	EN	164	\N
2328	Abuja Capital Territory	FC	164	\N
2329	Gombe	GO	164	\N
2330	Imo	IM	164	\N
2331	Jigawa	JI	164	\N
2332	Kaduna	KD	164	\N
2333	Kebbi	KE	164	\N
2334	Kano	KN	164	\N
2335	Kogi	KO	164	\N
2336	Katsina	KT	164	\N
2337	Kwara	KW	164	\N
2338	Lagos	LA	164	\N
2339	Nassarawa	NA	164	\N
2340	Niger	NI	164	\N
2341	Ogun	OG	164	\N
2342	Ondo	ON	164	\N
2343	Osun	OS	164	\N
2344	Oyo	OY	164	\N
2345	Plateau	PL	164	\N
2346	Rivers	RI	164	\N
2347	Sokoto	SO	164	\N
2348	Taraba	TA	164	\N
2349	Yobe	YO	164	\N
2350	Zamfara	ZA	164	\N
2351	Atlntico Norte	AN	165	\N
2352	Atlntico Sur	AS	165	\N
2353	Boaco	BO	165	\N
2354	Carazo	CA	165	\N
2355	Chinandega	CI	165	\N
2356	Chontales	CO	165	\N
2357	Estel	ES	165	\N
2358	Granada	GR	165	\N
2359	Jinotega	JI	165	\N
2360	Len	LE	165	\N
2361	Madriz	MD	165	\N
2362	Managua	MN	165	\N
2363	Masaya	MS	165	\N
2364	Matagalpa	MT	165	\N
2365	Nueva Segovia	NS	165	\N
2366	Rivas	RI	165	\N
2367	Ro San Juan	SJ	165	\N
2368	Aruba	AW	166	\N
2369	Bonaire	BQ1	166	\N
2370	Saba	BQ2	166	\N
2371	Sint Eustatius	BQ3	166	\N
2372	Curaao	CW	166	\N
2373	Drenthe	DR	166	\N
2374	Flevoland	FL	166	\N
2375	Friesland	FR	166	\N
2376	Gelderland	GE	166	\N
2377	Groningen	GR	166	\N
2378	Limburg	LI	166	\N
2379	Noord-Brabant	NB	166	\N
2380	Noord-Holland	NH	166	\N
2381	Overijssel	OV	166	\N
2382	Sint Maarten	SX	166	\N
2383	Utrecht	UT	166	\N
2384	Zeeland	ZE	166	\N
2385	Zuid-Holland	ZH	166	\N
2386	stfold	01	167	\N
2387	Akershus	02	167	\N
2388	Oslo	03	167	\N
2389	Hedmark	04	167	\N
2390	Oppland	05	167	\N
2391	Buskerud	06	167	\N
2392	Vestfold	07	167	\N
2393	Telemark	08	167	\N
2394	Aust-Agder	09	167	\N
2395	Vest-Agder	10	167	\N
2396	Rogaland	11	167	\N
2397	Hordaland	12	167	\N
2398	Sogn og Fjordane	14	167	\N
2399	Mre og Romsdal	15	167	\N
2400	Sr-Trndelag	16	167	\N
2401	Nord-Trndelag	17	167	\N
2402	Nordland	18	167	\N
2403	Troms	19	167	\N
2404	Finnmark	20	167	\N
2405	Svalbard (Arctic Region)	21	167	\N
2406	Jan Mayen (Arctic Region)	22	167	\N
2407	Madhyamanchal	1	168	\N
2408	Madhya Pashchimanchal	2	168	\N
2409	Pashchimanchal	3	168	\N
2410	Purwanchal	4	168	\N
2411	Sudur Pashchimanchal	5	168	\N
2412	Aiwo	01	169	\N
2413	Anabar	02	169	\N
2414	Anetan	03	169	\N
2415	Anibare	04	169	\N
2416	Baiti	05	169	\N
2417	Boe	06	169	\N
2418	Buada	07	169	\N
2419	Denigomodu	08	169	\N
2420	Ewa	09	169	\N
2421	Ijuw	10	169	\N
2422	Meneng	11	169	\N
2423	Nibok	12	169	\N
2424	Uaboe	13	169	\N
2425	Yaren	14	169	\N
2426	Chatham Islands Territory	CIT	171	\N
2427	North Island	N	171	\N
2428	South Island	S	171	\N
2429	Al Binah	BA	172	\N
2430	Al Buraym	BU	172	\N
2431	Ad Dkhilya	DA	172	\N
2432	Masqa	MA	172	\N
2433	Musandam	MU	172	\N
2434	Ash Sharqyah	SH	172	\N
2435	Al Wus	WU	172	\N
2436	Az Zhirah	ZA	172	\N
2437	Zufr	ZU	172	\N
2438	Bocas del Toro	1	173	\N
2439	Cocl	2	173	\N
2440	Coln	3	173	\N
2441	Chiriqu	4	173	\N
2442	Darin	5	173	\N
2443	Herrera	6	173	\N
2444	Los Santos	7	173	\N
2445	Panam	8	173	\N
2446	Veraguas	9	173	\N
2447	Ember	EM	173	\N
2448	Kuna Yala	KY	173	\N
2449	Ngbe-Bugl	NB	173	\N
2450	Amazonas	AMA	174	\N
2451	Ancash	ANC	174	\N
2452	Apurmac	APU	174	\N
2453	Arequipa	ARE	174	\N
2454	Ayacucho	AYA	174	\N
2455	Cajamarca	CAJ	174	\N
2456	El Callao	CAL	174	\N
2457	Cusco [Cuzco]	CUS	174	\N
2458	Hunuco	HUC	174	\N
2459	Huancavelica	HUV	174	\N
2460	Ica	ICA	174	\N
2461	Junn	JUN	174	\N
2462	La Libertad	LAL	174	\N
2463	Lambayeque	LAM	174	\N
2464	Lima	LIM	174	\N
2465	Municipalidad Metropolitana de Lima	LMA	174	\N
2466	Loreto	LOR	174	\N
2467	Madre de Dios	MDD	174	\N
2468	Moquegua	MOQ	174	\N
2469	Pasco	PAS	174	\N
2470	Piura	PIU	174	\N
2471	Puno	PUN	174	\N
2472	San Martn	SAM	174	\N
2473	Tacna	TAC	174	\N
2474	Tumbes	TUM	174	\N
2475	Ucayali	UCA	174	\N
2476	Chimbu	CPK	176	\N
2477	Central	CPM	176	\N
2478	East New Britain	EBR	176	\N
2479	Eastern Highlands	EHG	176	\N
2480	Enga	EPW	176	\N
2481	East Sepik	ESW	176	\N
2482	Gulf	GPK	176	\N
2483	Milne Bay	MBA	176	\N
2484	Morobe	MPL	176	\N
2485	Madang	MPM	176	\N
2486	Manus	MRL	176	\N
2487	National Capital District (Port Moresby)	NCD	176	\N
2488	New Ireland	NIK	176	\N
2489	Northern	NPP	176	\N
2490	Bougainville	NSB	176	\N
2491	Sandaun	SAN	176	\N
2492	Southern Highlands	SHM	176	\N
2493	West New Britain	WBK	176	\N
2494	Western Highlands	WHM	176	\N
2495	Western	WPD	176	\N
2496	National Capital Region	00	177	\N
2497	Ilocos (Region I)	01	177	\N
2498	Cagayan Valley (Region II)	02	177	\N
2499	Central Luzon (Region III)	03	177	\N
2500	Bicol (Region V)	05	177	\N
2501	Western Visayas (Region VI)	06	177	\N
2502	Central Visayas (Region VII)	07	177	\N
2503	Eastern Visayas (Region VIII)	08	177	\N
2504	Zamboanga Peninsula (Region IX)	09	177	\N
2505	Northern Mindanao (Region X)	10	177	\N
2506	Davao (Region XI)	11	177	\N
2507	Soccsksargen (Region XII)	12	177	\N
2508	Caraga (Region XIII)	13	177	\N
2509	Autonomous Region in Muslim Mindanao (ARMM)	14	177	\N
2510	Cordillera Administrative Region (CAR)	15	177	\N
2511	CALABARZON (Region IV-A)	40	177	\N
2512	MIMAROPA (Region IV-B)	41	177	\N
2513	Balochistan	BA	178	\N
2514	Gilgit-Baltistan	GB	178	\N
2515	Islamabad	IS	178	\N
2516	Azad Kashmir	JK	178	\N
2517	Khyber Pakhtunkhwa	KP	178	\N
2518	Punjab	PB	178	\N
2519	Sindh	SD	178	\N
2520	Federally Administered Tribal Areas	TA	178	\N
2521	Dolnolskie	DS	179	\N
2522	Kujawsko-pomorskie	KP	179	\N
2523	Lubuskie	LB	179	\N
2524	dzkie	LD	179	\N
2525	Lubelskie	LU	179	\N
2526	Maopolskie	MA	179	\N
2527	Mazowieckie	MZ	179	\N
2528	Opolskie	OP	179	\N
2529	Podlaskie	PD	179	\N
2530	Podkarpackie	PK	179	\N
2531	Pomorskie	PM	179	\N
2532	witokrzyskie	SK	179	\N
2533	lskie	SL	179	\N
2534	Warmisko-mazurskie	WN	179	\N
2535	Wielkopolskie	WP	179	\N
2536	Zachodniopomorskie	ZP	179	\N
2537	Bethlehem	BTH	182	\N
2538	Deir El Balah	DEB	182	\N
2539	Gaza	GZA	182	\N
2540	Hebron	HBN	182	\N
2541	Jerusalem	JEM	182	\N
2542	Jenin	JEN	182	\N
2543	Jericho - Al Aghwar	JRH	182	\N
2544	Khan Yunis	KYS	182	\N
2545	Nablus	NBS	182	\N
2546	North Gaza	NGZ	182	\N
2547	Qalqilya	QQA	182	\N
2548	Ramallah	RBH	182	\N
2549	Rafah	RFH	182	\N
2550	Salfit	SLT	182	\N
2551	Tubas	TBS	182	\N
2552	Tulkarm	TKM	182	\N
2553	Aveiro	01	183	\N
2554	Beja	02	183	\N
2555	Braga	03	183	\N
2556	Bragana	04	183	\N
2557	Castelo Branco	05	183	\N
2558	Coimbra	06	183	\N
2559	vora	07	183	\N
2560	Faro	08	183	\N
2561	Guarda	09	183	\N
2562	Leiria	10	183	\N
2563	Lisboa	11	183	\N
2564	Portalegre	12	183	\N
2565	Porto	13	183	\N
2566	Santarm	14	183	\N
2567	Setbal	15	183	\N
2568	Viana do Castelo	16	183	\N
2569	Vila Real	17	183	\N
2570	Viseu	18	183	\N
2571	Regio Autnoma dos Aores	20	183	\N
2572	Regio Autnoma da Madeira	30	183	\N
2573	Aimeliik	002	184	\N
2574	Airai	004	184	\N
2575	Angaur	010	184	\N
2576	Hatobohei	050	184	\N
2577	Kayangel	100	184	\N
2578	Koror	150	184	\N
2579	Melekeok	212	184	\N
2580	Ngaraard	214	184	\N
2581	Ngarchelong	218	184	\N
2582	Ngardmau	222	184	\N
2583	Ngatpang	224	184	\N
2584	Ngchesar	226	184	\N
2585	Ngeremlengui	227	184	\N
2586	Ngiwal	228	184	\N
2587	Peleliu	350	184	\N
2588	Sonsorol	370	184	\N
2589	Concepcin	1	185	\N
2590	Alto Paran	10	185	\N
2591	Central	11	185	\N
2592	eembuc	12	185	\N
2593	Amambay	13	185	\N
2594	Canindey	14	185	\N
2595	Presidente Hayes	15	185	\N
2596	Alto Paraguay	16	185	\N
2597	Boquern	19	185	\N
2598	San Pedro	2	185	\N
2599	Cordillera	3	185	\N
2600	Guair	4	185	\N
2601	Caaguaz	5	185	\N
2602	Caazap	6	185	\N
2603	Itapa	7	185	\N
2604	Misiones	8	185	\N
2605	Paraguar	9	185	\N
2606	Asuncin	ASU	185	\N
2607	Ad Dawhah	DA	186	\N
2608	Al Khawr wa adh Dhakhrah	KH	186	\N
2609	Ash Shamal	MS	186	\N
2610	Ar Rayyan	RA	186	\N
2611	Umm Salal	US	186	\N
2612	Al Wakrah	WA	186	\N
2613	Az Zayin	ZA	186	\N
2614	Alba	AB	188	\N
2615	Arge	AG	188	\N
2616	Arad	AR	188	\N
2617	Bucureti	B	188	\N
2618	Bacu	BC	188	\N
2619	Bihor	BH	188	\N
2620	Bistria-Nsud	BN	188	\N
2621	Brila	BR	188	\N
2622	Botoani	BT	188	\N
2623	Braov	BV	188	\N
2624	Buzu	BZ	188	\N
2625	Cluj	CJ	188	\N
2626	Clrai	CL	188	\N
2627	Cara-Severin	CS	188	\N
2628	Constana	CT	188	\N
2629	Covasna	CV	188	\N
2630	Dmbovia	DB	188	\N
2631	Dolj	DJ	188	\N
2632	Gorj	GJ	188	\N
2633	Galai	GL	188	\N
2634	Giurgiu	GR	188	\N
2635	Hunedoara	HD	188	\N
2636	Harghita	HR	188	\N
2637	Ilfov	IF	188	\N
2638	Ialomia	IL	188	\N
2639	Iai	IS	188	\N
2640	Mehedini	MH	188	\N
2641	Maramure	MM	188	\N
2642	Mure	MS	188	\N
2643	Neam	NT	188	\N
2644	Olt	OT	188	\N
2645	Prahova	PH	188	\N
2646	Sibiu	SB	188	\N
2647	Slaj	SJ	188	\N
2648	Satu Mare	SM	188	\N
2649	Suceava	SV	188	\N
2650	Tulcea	TL	188	\N
2651	Timi	TM	188	\N
2652	Teleorman	TR	188	\N
2653	Vlcea	VL	188	\N
2654	Vrancea	VN	188	\N
2655	Vaslui	VS	188	\N
2656	Beograd	00	189	\N
2657	Mavanski okrug	08	189	\N
2658	Kolubarski okrug	09	189	\N
2659	Podunavski okrug	10	189	\N
2660	Branievski okrug	11	189	\N
2661	umadijski okrug	12	189	\N
2662	Pomoravski okrug	13	189	\N
2663	Borski okrug	14	189	\N
2664	Zajearski okrug	15	189	\N
2665	Zlatiborski okrug	16	189	\N
2666	Moraviki okrug	17	189	\N
2667	Raki okrug	18	189	\N
2668	Rasinski okrug	19	189	\N
2669	Niavski okrug	20	189	\N
2670	Topliki okrug	21	189	\N
2671	Pirotski okrug	22	189	\N
2672	Jablaniki okrug	23	189	\N
2673	Pinjski okrug	24	189	\N
2674	Kosovo-Metohija	KM	189	\N
2675	Vojvodina	VO	189	\N
2676	Adygeya, Respublika	AD	190	\N
2677	Altay, Respublika	AL	190	\N
2678	Altayskiy kray	ALT	190	\N
2679	Amurskaya oblast'	AMU	190	\N
2680	Arkhangel'skaya oblast'	ARK	190	\N
2681	Astrakhanskaya oblast'	AST	190	\N
2682	Bashkortostan, Respublika	BA	190	\N
2683	Belgorodskaya oblast'	BEL	190	\N
2684	Bryanskaya oblast'	BRY	190	\N
2685	Buryatiya, Respublika	BU	190	\N
2686	Chechenskaya Respublika	CE	190	\N
2687	Chelyabinskaya oblast'	CHE	190	\N
2688	Chukotskiy avtonomnyy okrug	CHU	190	\N
2689	Chuvashskaya Respublika	CU	190	\N
2690	Dagestan, Respublika	DA	190	\N
2691	Respublika Ingushetiya	IN	190	\N
2692	Irkutiskaya oblast'	IRK	190	\N
2693	Ivanovskaya oblast'	IVA	190	\N
2694	Kamchatskiy kray	KAM	190	\N
2695	Kabardino-Balkarskaya Respublika	KB	190	\N
2696	Karachayevo-Cherkesskaya Respublika	KC	190	\N
2697	Krasnodarskiy kray	KDA	190	\N
2698	Kemerovskaya oblast'	KEM	190	\N
2699	Kaliningradskaya oblast'	KGD	190	\N
2700	Kurganskaya oblast'	KGN	190	\N
2701	Khabarovskiy kray	KHA	190	\N
2702	Khanty-Mansiysky avtonomnyy okrug-Yugra	KHM	190	\N
2703	Kirovskaya oblast'	KIR	190	\N
2704	Khakasiya, Respublika	KK	190	\N
2705	Kalmykiya, Respublika	KL	190	\N
2706	Kaluzhskaya oblast'	KLU	190	\N
2707	Komi, Respublika	KO	190	\N
2708	Kostromskaya oblast'	KOS	190	\N
2709	Kareliya, Respublika	KR	190	\N
2710	Kurskaya oblast'	KRS	190	\N
2711	Krasnoyarskiy kray	KYA	190	\N
2712	Leningradskaya oblast'	LEN	190	\N
2713	Lipetskaya oblast'	LIP	190	\N
2714	Magadanskaya oblast'	MAG	190	\N
2715	Mariy El, Respublika	ME	190	\N
2716	Mordoviya, Respublika	MO	190	\N
2717	Moskovskaya oblast'	MOS	190	\N
2718	Moskva	MOW	190	\N
2719	Murmanskaya oblast'	MUR	190	\N
2720	Nenetskiy avtonomnyy okrug	NEN	190	\N
2721	Novgorodskaya oblast'	NGR	190	\N
2722	Nizhegorodskaya oblast'	NIZ	190	\N
2723	Novosibirskaya oblast'	NVS	190	\N
2724	Omskaya oblast'	OMS	190	\N
2725	Orenburgskaya oblast'	ORE	190	\N
2726	Orlovskaya oblast'	ORL	190	\N
2727	Permskiy kray	PER	190	\N
2728	Penzenskaya oblast'	PNZ	190	\N
2729	Primorskiy kray	PRI	190	\N
2730	Pskovskaya oblast'	PSK	190	\N
2731	Rostovskaya oblast'	ROS	190	\N
2732	Ryazanskaya oblast'	RYA	190	\N
2733	Sakha, Respublika [Yakutiya]	SA	190	\N
2734	Sakhalinskaya oblast'	SAK	190	\N
2735	Samaraskaya oblast'	SAM	190	\N
2736	Saratovskaya oblast'	SAR	190	\N
2737	Severnaya Osetiya-Alaniya, Respublika	SE	190	\N
2738	Smolenskaya oblast'	SMO	190	\N
2739	Sankt-Peterburg	SPE	190	\N
2740	Stavropol'skiy kray	STA	190	\N
2741	Sverdlovskaya oblast'	SVE	190	\N
2742	Tatarstan, Respublika	TA	190	\N
2743	Tambovskaya oblast'	TAM	190	\N
2744	Tomskaya oblast'	TOM	190	\N
2745	Tul'skaya oblast'	TUL	190	\N
2746	Tverskaya oblast'	TVE	190	\N
2747	Tyva, Respublika [Tuva]	TY	190	\N
2748	Tyumenskaya oblast'	TYU	190	\N
2749	Udmurtskaya Respublika	UD	190	\N
2750	Ul'yanovskaya oblast'	ULY	190	\N
2751	Volgogradskaya oblast'	VGG	190	\N
2752	Vladimirskaya oblast'	VLA	190	\N
2753	Vologodskaya oblast'	VLG	190	\N
2754	Voronezhskaya oblast'	VOR	190	\N
2755	Yamalo-Nenetskiy avtonomnyy okrug	YAN	190	\N
2756	Yaroslavskaya oblast'	YAR	190	\N
2757	Yevreyskaya avtonomnaya oblast'	YEV	190	\N
2758	Zabajkal'skij kraj	ZAB	190	\N
2759	Ville de Kigali	01	191	\N
2760	Est	02	191	\N
2761	Nord	03	191	\N
2762	Ouest	04	191	\N
2763	Sud	05	191	\N
2764	Ar Riy	01	192	\N
2765	Makkah	02	192	\N
2766	Al Madnah	03	192	\N
2767	Ash Sharqyah	04	192	\N
2768	Al Qam	05	192	\N
2769	'il	06	192	\N
2770	Tabk	07	192	\N
2771	Al udd ash Shamliyah	08	192	\N
2772	Jzan	09	192	\N
2773	Najrn	10	192	\N
2774	Al Bhah	11	192	\N
2775	Al Jawf	12	192	\N
2776	`Asr	14	192	\N
2777	Central	CE	193	\N
2778	Choiseul	CH	193	\N
2779	Capital Territory (Honiara)	CT	193	\N
2780	Guadalcanal	GU	193	\N
2781	Isabel	IS	193	\N
2782	Makira	MK	193	\N
2783	Malaita	ML	193	\N
2784	Rennell and Bellona	RB	193	\N
2785	Temotu	TE	193	\N
2786	Western	WE	193	\N
2787	Anse aux Pins	01	194	\N
2788	Anse Boileau	02	194	\N
2789	Anse Etoile	03	194	\N
2790	Anse Louis	04	194	\N
2791	Anse Royale	05	194	\N
2792	Baie Lazare	06	194	\N
2793	Baie Sainte Anne	07	194	\N
2794	Beau Vallon	08	194	\N
2795	Bel Air	09	194	\N
2796	Bel Ombre	10	194	\N
2797	Cascade	11	194	\N
2798	Glacis	12	194	\N
2799	Grand Anse Mahe	13	194	\N
2800	Grand Anse Praslin	14	194	\N
2801	La Digue	15	194	\N
2802	English River	16	194	\N
2803	Mont Buxton	17	194	\N
2804	Mont Fleuri	18	194	\N
2805	Plaisance	19	194	\N
2806	Pointe Larue	20	194	\N
2807	Port Glaud	21	194	\N
2808	Saint Louis	22	194	\N
2809	Takamaka	23	194	\N
2810	Les Mamelles	24	194	\N
2811	Roche Caiman	25	194	\N
2812	Zalingei	DC	195	\N
2813	Sharq Drfr	DE	195	\N
2814	Shaml Drfr	DN	195	\N
2815	Janb Drfr	DS	195	\N
2816	Gharb Drfr	DW	195	\N
2817	Al Qarif	GD	195	\N
2818	Al Jazrah	GZ	195	\N
2819	Kassal	KA	195	\N
2820	Al Kharm	KH	195	\N
2821	Shaml Kurdufn	KN	195	\N
2822	Janb Kurdufn	KS	195	\N
2823	An Nl al Azraq	NB	195	\N
2824	Ash Shamlyah	NO	195	\N
2825	An Nl	NR	195	\N
2826	An Nl al Abya	NW	195	\N
2827	Al Bar al Amar	RS	195	\N
2828	Sinnr	SI	195	\N
2829	Stockholms ln	AB	196	\N
2830	Vsterbottens ln	AC	196	\N
2831	Norrbottens ln	BD	196	\N
2832	Uppsala ln	C	196	\N
2833	Sdermanlands ln	D	196	\N
2834	stergtlands ln	E	196	\N
2835	Jnkpings ln	F	196	\N
2836	Kronobergs ln	G	196	\N
2837	Kalmar ln	H	196	\N
2838	Gotlands ln	I	196	\N
2839	Blekinge ln	K	196	\N
2840	Skne ln	M	196	\N
2841	Hallands ln	N	196	\N
2842	Vstra Gtalands ln	O	196	\N
2843	Vrmlands ln	S	196	\N
2844	rebro ln	T	196	\N
2845	Vstmanlands ln	U	196	\N
2846	Dalarnas ln	W	196	\N
2847	Gvleborgs ln	X	196	\N
2848	Vsternorrlands ln	Y	196	\N
2849	Jmtlands ln	Z	196	\N
2850	Central Singapore	01	197	\N
2851	North East	02	197	\N
2852	North West	03	197	\N
2853	South East	04	197	\N
2854	South West	05	197	\N
2855	Ascension	AC	198	\N
2856	Saint Helena	HL	198	\N
2857	Tristan da Cunha	TA	198	\N
2858	Ajdovina	001	199	\N
2859	Beltinci	002	199	\N
2860	Bled	003	199	\N
2861	Bohinj	004	199	\N
2862	Borovnica	005	199	\N
2863	Bovec	006	199	\N
2864	Brda	007	199	\N
2865	Brezovica	008	199	\N
2866	Breice	009	199	\N
2867	Tiina	010	199	\N
2868	Celje	011	199	\N
2869	Cerklje na Gorenjskem	012	199	\N
2870	Cerknica	013	199	\N
2871	Cerkno	014	199	\N
2872	renovci	015	199	\N
2873	rna na Korokem	016	199	\N
2874	rnomelj	017	199	\N
2875	Destrnik	018	199	\N
2876	Divaa	019	199	\N
2877	Dobrepolje	020	199	\N
2878	Dobrova-Polhov Gradec	021	199	\N
2879	Dol pri Ljubljani	022	199	\N
2880	Domale	023	199	\N
2881	Dornava	024	199	\N
2882	Dravograd	025	199	\N
2883	Duplek	026	199	\N
2884	Gorenja vas-Poljane	027	199	\N
2885	Gorinica	028	199	\N
2886	Gornja Radgona	029	199	\N
2887	Gornji Grad	030	199	\N
2888	Gornji Petrovci	031	199	\N
2889	Grosuplje	032	199	\N
2890	alovci	033	199	\N
2891	Hrastnik	034	199	\N
2892	Hrpelje-Kozina	035	199	\N
2893	Idrija	036	199	\N
2894	Ig	037	199	\N
2895	Ilirska Bistrica	038	199	\N
2896	Ivanna Gorica	039	199	\N
2897	Izola/Isola	040	199	\N
2898	Jesenice	041	199	\N
2899	Jurinci	042	199	\N
2900	Kamnik	043	199	\N
2901	Kanal	044	199	\N
2902	Kidrievo	045	199	\N
2903	Kobarid	046	199	\N
2904	Kobilje	047	199	\N
2905	Koevje	048	199	\N
2906	Komen	049	199	\N
2907	Koper/Capodistria	050	199	\N
2908	Kozje	051	199	\N
2909	Kranj	052	199	\N
2910	Kranjska Gora	053	199	\N
2911	Krko	054	199	\N
2912	Kungota	055	199	\N
2913	Kuzma	056	199	\N
2914	Lako	057	199	\N
2915	Lenart	058	199	\N
2916	Lendava/Lendva	059	199	\N
2917	Litija	060	199	\N
2918	Ljubljana	061	199	\N
2919	Ljubno	062	199	\N
2920	Ljutomer	063	199	\N
2921	Logatec	064	199	\N
2922	Loka dolina	065	199	\N
2923	Loki Potok	066	199	\N
2924	Lue	067	199	\N
2925	Lukovica	068	199	\N
2926	Majperk	069	199	\N
2927	Maribor	070	199	\N
2928	Medvode	071	199	\N
2929	Menge	072	199	\N
2930	Metlika	073	199	\N
2931	Meica	074	199	\N
2932	Miren-Kostanjevica	075	199	\N
2933	Mislinja	076	199	\N
2934	Morave	077	199	\N
2935	Moravske Toplice	078	199	\N
2936	Mozirje	079	199	\N
2937	Murska Sobota	080	199	\N
2938	Muta	081	199	\N
2939	Naklo	082	199	\N
2940	Nazarje	083	199	\N
2941	Nova Gorica	084	199	\N
2942	Novo mesto	085	199	\N
2943	Odranci	086	199	\N
2944	Ormo	087	199	\N
2945	Osilnica	088	199	\N
2946	Pesnica	089	199	\N
2947	Piran/Pirano	090	199	\N
2948	Pivka	091	199	\N
2949	Podetrtek	092	199	\N
2950	Podvelka	093	199	\N
2951	Postojna	094	199	\N
2952	Preddvor	095	199	\N
2953	Ptuj	096	199	\N
2954	Puconci	097	199	\N
2955	Rae-Fram	098	199	\N
2956	Radee	099	199	\N
2957	Radenci	100	199	\N
2958	Radlje ob Dravi	101	199	\N
2959	Radovljica	102	199	\N
2960	Ravne na Korokem	103	199	\N
2961	Ribnica	104	199	\N
2962	Rogaovci	105	199	\N
2963	Rogaka Slatina	106	199	\N
2964	Rogatec	107	199	\N
2965	Rue	108	199	\N
2966	Semi	109	199	\N
2967	Sevnica	110	199	\N
2968	Seana	111	199	\N
2969	Slovenj Gradec	112	199	\N
2970	Slovenska Bistrica	113	199	\N
2971	Slovenske Konjice	114	199	\N
2972	Stare	115	199	\N
2973	Sveti Jurij	116	199	\N
2974	enur	117	199	\N
2975	entilj	118	199	\N
2976	entjernej	119	199	\N
2977	entjur	120	199	\N
2978	kocjan	121	199	\N
2979	kofja Loka	122	199	\N
2980	kofljica	123	199	\N
2981	marje pri Jelah	124	199	\N
2982	martno ob Paki	125	199	\N
2983	otanj	126	199	\N
2984	tore	127	199	\N
2985	Tolmin	128	199	\N
2986	Trbovlje	129	199	\N
2987	Trebnje	130	199	\N
2988	Tri	131	199	\N
2989	Turnie	132	199	\N
2990	Velenje	133	199	\N
2991	Velike Lae	134	199	\N
2992	Videm	135	199	\N
2993	Vipava	136	199	\N
2994	Vitanje	137	199	\N
2995	Vodice	138	199	\N
2996	Vojnik	139	199	\N
2997	Vrhnika	140	199	\N
2998	Vuzenica	141	199	\N
2999	Zagorje ob Savi	142	199	\N
3000	Zavr	143	199	\N
3001	Zree	144	199	\N
3002	elezniki	146	199	\N
3003	iri	147	199	\N
3004	Benedikt	148	199	\N
3005	Bistrica ob Sotli	149	199	\N
3006	Bloke	150	199	\N
3007	Braslove	151	199	\N
3008	Cankova	152	199	\N
3009	Cerkvenjak	153	199	\N
3010	Dobje	154	199	\N
3011	Dobrna	155	199	\N
3012	Dobrovnik/Dobronak	156	199	\N
3013	Dolenjske Toplice	157	199	\N
3014	Grad	158	199	\N
3015	Hajdina	159	199	\N
3016	Hoe-Slivnica	160	199	\N
3017	Hodo/Hodos	161	199	\N
3018	Horjul	162	199	\N
3019	Jezersko	163	199	\N
3020	Komenda	164	199	\N
3021	Kostel	165	199	\N
3022	Krievci	166	199	\N
3023	Lovrenc na Pohorju	167	199	\N
3024	Markovci	168	199	\N
3025	Miklav na Dravskem polju	169	199	\N
3026	Mirna Pe	170	199	\N
3027	Oplotnica	171	199	\N
3028	Podlehnik	172	199	\N
3029	Polzela	173	199	\N
3030	Prebold	174	199	\N
3031	Prevalje	175	199	\N
3032	Razkrije	176	199	\N
3033	Ribnica na Pohorju	177	199	\N
3034	Selnica ob Dravi	178	199	\N
3035	Sodraica	179	199	\N
3036	Solava	180	199	\N
3037	Sveta Ana	181	199	\N
3038	Sveta Andra v Slovenskih Goricah	182	199	\N
3039	empeter-Vrtojba	183	199	\N
3040	Tabor	184	199	\N
3041	Trnovska vas	185	199	\N
3042	Trzin	186	199	\N
3043	Velika Polana	187	199	\N
3044	Verej	188	199	\N
3045	Vransko	189	199	\N
3046	alec	190	199	\N
3047	etale	191	199	\N
3048	irovnica	192	199	\N
3049	uemberk	193	199	\N
3050	martno pri Litiji	194	199	\N
3051	Apae	195	199	\N
3052	Cirkulane	196	199	\N
3053	Kosanjevica na Krki	197	199	\N
3054	Makole	198	199	\N
3055	Mokronog-Trebelno	199	199	\N
3056	Poljane	200	199	\N
3057	Rene-Vogrsko	201	199	\N
3058	Sredie ob Dravi	202	199	\N
3059	Straa	203	199	\N
3060	Sveta Trojica v Slovenskih Goricah	204	199	\N
3061	Sveti Toma	205	199	\N
3062	marjeske Toplie	206	199	\N
3063	Gorje	207	199	\N
3064	Log-Dragomer	208	199	\N
3065	Reica ob Savinji	209	199	\N
3066	Sveti Jurij v Slovenskih Goricah	210	199	\N
3067	entrupert	211	199	\N
3068	Banskobystrick kraj	BC	201	\N
3069	Bratislavsk kraj	BL	201	\N
3070	Koick kraj	KI	201	\N
3071	Nitriansky kraj	NI	201	\N
3072	Preovsk kraj	PV	201	\N
3073	Trnavsk kraj	TA	201	\N
3074	Treniansky kraj	TC	201	\N
3075	ilinsk kraj	ZI	201	\N
3076	Eastern	E	202	\N
3077	Northern	N	202	\N
3078	Southern (Sierra Leone)	S	202	\N
3079	Western Area (Freetown)	W	202	\N
3080	Acquaviva	01	203	\N
3081	Chiesanuova	02	203	\N
3082	Domagnano	03	203	\N
3083	Faetano	04	203	\N
3084	Fiorentino	05	203	\N
3085	Borgo Maggiore	06	203	\N
3086	San Marino	07	203	\N
3087	Montegiardino	08	203	\N
3088	Serravalle	09	203	\N
3089	Diourbel	DB	204	\N
3090	Dakar	DK	204	\N
3091	Fatick	FK	204	\N
3092	Kaffrine	KA	204	\N
3093	Kolda	KD	204	\N
3094	Kdougou	KE	204	\N
3095	Kaolack	KL	204	\N
3096	Louga	LG	204	\N
3097	Matam	MT	204	\N
3098	Sdhiou	SE	204	\N
3099	Saint-Louis	SL	204	\N
3100	Tambacounda	TC	204	\N
3101	This	TH	204	\N
3102	Ziguinchor	ZG	204	\N
3103	Awdal	AW	205	\N
3104	Bakool	BK	205	\N
3105	Banaadir	BN	205	\N
3106	Bari	BR	205	\N
3107	Bay	BY	205	\N
3108	Galguduud	GA	205	\N
3109	Gedo	GE	205	\N
3110	Hiirsan	HI	205	\N
3111	Jubbada Dhexe	JD	205	\N
3112	Jubbada Hoose	JH	205	\N
3113	Mudug	MU	205	\N
3114	Nugaal	NU	205	\N
3115	Saneag	SA	205	\N
3116	Shabeellaha Dhexe	SD	205	\N
3117	Shabeellaha Hoose	SH	205	\N
3118	Sool	SO	205	\N
3119	Togdheer	TO	205	\N
3120	Woqooyi Galbeed	WO	205	\N
3121	Brokopondo	BR	206	\N
3122	Commewijne	CM	206	\N
3123	Coronie	CR	206	\N
3124	Marowijne	MA	206	\N
3125	Nickerie	NI	206	\N
3126	Paramaribo	PM	206	\N
3127	Para	PR	206	\N
3128	Saramacca	SA	206	\N
3129	Sipaliwini	SI	206	\N
3130	Wanica	WA	206	\N
3131	Northern Bahr el-Ghazal	BN	207	\N
3132	Western Bahr el-Ghazal	BW	207	\N
3133	Central Equatoria	EC	207	\N
3134	Eastern Equatoria	EE8	207	\N
3135	Western Equatoria	EW	207	\N
3136	Jonglei	JG	207	\N
3137	Lakes	LK	207	\N
3138	Upper Nile	NU	207	\N
3139	Unity	UY	207	\N
3140	Warrap	WR	207	\N
3141	Prncipe	P	208	\N
3142	So Tom	S	208	\N
3143	Ahuachapn	AH	209	\N
3144	Cabaas	CA	209	\N
3145	Chalatenango	CH	209	\N
3146	Cuscatln	CU	209	\N
3147	La Libertad	LI	209	\N
3148	Morazn	MO	209	\N
3149	La Paz	PA	209	\N
3150	Santa Ana	SA	209	\N
3151	San Miguel	SM	209	\N
3152	Sonsonate	SO	209	\N
3153	San Salvador	SS	209	\N
3154	San Vicente	SV	209	\N
3155	La Unin	UN	209	\N
3156	Usulutn	US	209	\N
3157	Dimashq	DI	211	\N
3158	Dar'a	DR	211	\N
3159	Dayr az Zawr	DY	211	\N
3160	Al Hasakah	HA	211	\N
3161	Homs	HI	211	\N
3162	Halab	HL	211	\N
3163	Hamah	HM	211	\N
3164	Idlib	ID	211	\N
3165	Al Ladhiqiyah	LA	211	\N
3166	Al Qunaytirah	QU	211	\N
3167	Ar Raqqah	RA	211	\N
3168	Rif Dimashq	RD	211	\N
3169	As Suwayda'	SU	211	\N
3170	Tartus	TA	211	\N
3171	Hhohho	HH	212	\N
3172	Lubombo	LU	212	\N
3173	Manzini	MA	212	\N
3174	Shiselweni	SH	212	\N
3175	Al Bahah	BA	214	\N
3176	Bahr al Ghazl	BG	214	\N
3177	Brk	BO	214	\N
3178	Shr Bqirm	CB	214	\N
3179	Innd	EN	214	\N
3180	Qr	GR	214	\N
3181	ajjar Lams	HL	214	\N
3182	Knim	KA	214	\N
3183	Al Buhayrah	LC	214	\N
3184	Lqn al Gharb	LO	214	\N
3185	Lqn ash Sharq	LR	214	\N
3186	Mndl	MA	214	\N
3187	Shr al Awsa	MC	214	\N
3188	My Kbb ash Sharq	ME	214	\N
3189	My Kbb al Gharb	MO	214	\N
3190	Madnat Injamn	ND	214	\N
3191	Waddy	OD	214	\N
3192	Salmt	SA	214	\N
3193	Sl	SI	214	\N
3194	Tnjil	TA	214	\N
3195	Tibast	TI	214	\N
3196	Wd Fr	WF	214	\N
3197	Rgion du Centre	C	216	\N
3198	Rgion de la Kara	K	216	\N
3199	Rgion Maritime	M	216	\N
3200	Rgion des Plateaux	P	216	\N
3201	Rgion des Savannes	S	216	\N
3202	Krung Thep Maha Nakhon Bangkok	10	217	\N
3203	Samut Prakan	11	217	\N
3204	Nonthaburi	12	217	\N
3205	Pathum Thani	13	217	\N
3206	Phra Nakhon Si Ayutthaya	14	217	\N
3207	Ang Thong	15	217	\N
3208	Lop Buri	16	217	\N
3209	Sing Buri	17	217	\N
3210	Chai Nat	18	217	\N
3211	Saraburi	19	217	\N
3212	Chon Buri	20	217	\N
3213	Rayong	21	217	\N
3214	Chanthaburi	22	217	\N
3215	Trat	23	217	\N
3216	Chachoengsao	24	217	\N
3217	Prachin Buri	25	217	\N
3218	Nakhon Nayok	26	217	\N
3219	Sa Kaeo	27	217	\N
3220	Nakhon Ratchasima	30	217	\N
3221	Buri Ram	31	217	\N
3222	Surin	32	217	\N
3223	Si Sa Ket	33	217	\N
3224	Ubon Ratchathani	34	217	\N
3225	Yasothon	35	217	\N
3226	Chaiyaphum	36	217	\N
3227	Amnat Charoen	37	217	\N
3228	Nong Bua Lam Phu	39	217	\N
3229	Khon Kaen	40	217	\N
3230	Udon Thani	41	217	\N
3231	Loei	42	217	\N
3232	Nong Khai	43	217	\N
3233	Maha Sarakham	44	217	\N
3234	Roi Et	45	217	\N
3235	Kalasin	46	217	\N
3236	Sakon Nakhon	47	217	\N
3237	Nakhon Phanom	48	217	\N
3238	Mukdahan	49	217	\N
3239	Chiang Mai	50	217	\N
3240	Lamphun	51	217	\N
3241	Lampang	52	217	\N
3242	Uttaradit	53	217	\N
3243	Phrae	54	217	\N
3244	Nan	55	217	\N
3245	Phayao	56	217	\N
3246	Chiang Rai	57	217	\N
3247	Mae Hong Son	58	217	\N
3248	Nakhon Sawan	60	217	\N
3249	Uthai Thani	61	217	\N
3250	Kamphaeng Phet	62	217	\N
3251	Tak	63	217	\N
3252	Sukhothai	64	217	\N
3253	Phitsanulok	65	217	\N
3254	Phichit	66	217	\N
3255	Phetchabun	67	217	\N
3256	Ratchaburi	70	217	\N
3257	Kanchanaburi	71	217	\N
3258	Suphan Buri	72	217	\N
3259	Nakhon Pathom	73	217	\N
3260	Samut Sakhon	74	217	\N
3261	Samut Songkhram	75	217	\N
3262	Phetchaburi	76	217	\N
3263	Prachuap Khiri Khan	77	217	\N
3264	Nakhon Si Thammarat	80	217	\N
3265	Krabi	81	217	\N
3266	Phangnga	82	217	\N
3267	Phuket	83	217	\N
3268	Surat Thani	84	217	\N
3269	Ranong	85	217	\N
3270	Chumphon	86	217	\N
3271	Songkhla	90	217	\N
3272	Satun	91	217	\N
3273	Trang	92	217	\N
3274	Phatthalung	93	217	\N
3275	Pattani	94	217	\N
3276	Yala	95	217	\N
3277	Narathiwat	96	217	\N
3278	Phatthaya	S	217	\N
3279	Gorno-Badakhshan	GB	218	\N
3280	Khatlon	KT	218	\N
3281	Sughd	SU	218	\N
3282	Aileu	AL	220	\N
3283	Ainaro	AN	220	\N
3284	Baucau	BA	220	\N
3285	Bobonaro	BO	220	\N
3286	Cova Lima	CO	220	\N
3287	Dli	DI	220	\N
3288	Ermera	ER	220	\N
3289	Lautem	LA	220	\N
3290	Liquia	LI	220	\N
3291	Manufahi	MF	220	\N
3292	Manatuto	MT	220	\N
3293	Oecussi	OE	220	\N
3294	Viqueque	VI	220	\N
3295	Ahal	A	221	\N
3296	Balkan	B	221	\N
3297	Daoguz	D	221	\N
3298	Lebap	L	221	\N
3299	Mary	M	221	\N
3300	Agabat	S	221	\N
3301	Tunis	11	222	\N
3302	Ariana	12	222	\N
3303	Ben Arous	13	222	\N
3304	La Manouba	14	222	\N
3305	Nabeul	21	222	\N
3306	Zaghouan	22	222	\N
3307	Bizerte	23	222	\N
3308	Bja	31	222	\N
3309	Jendouba	32	222	\N
3310	Le Kef	33	222	\N
3311	Siliana	34	222	\N
3312	Kairouan	41	222	\N
3313	Kasserine	42	222	\N
3314	Sidi Bouzid	43	222	\N
3315	Sousse	51	222	\N
3316	Monastir	52	222	\N
3317	Mahdia	53	222	\N
3318	Sfax	61	222	\N
3319	Gafsa	71	222	\N
3320	Tozeur	72	222	\N
3321	Kebili	73	222	\N
3322	Gabs	81	222	\N
3323	Medenine	82	222	\N
3324	Tataouine	83	222	\N
3325	'Eua	01	223	\N
3326	Ha'apai	02	223	\N
3327	Niuas	03	223	\N
3328	Tongatapu	04	223	\N
3329	Vava'u	05	223	\N
3330	Adana	01	224	\N
3331	Adyaman	02	224	\N
3332	Afyonkarahisar	03	224	\N
3333	Ar	04	224	\N
3334	Amasya	05	224	\N
3335	Ankara	06	224	\N
3336	Antalya	07	224	\N
3337	Artvin	08	224	\N
3338	Aydn	09	224	\N
3339	Balkesir	10	224	\N
3340	Bilecik	11	224	\N
3341	Bingl	12	224	\N
3342	Bitlis	13	224	\N
3343	Bolu	14	224	\N
3344	Burdur	15	224	\N
3345	Bursa	16	224	\N
3346	anakkale	17	224	\N
3347	ankr	18	224	\N
3348	orum	19	224	\N
3349	Denizli	20	224	\N
3350	Diyarbakr	21	224	\N
3351	Edirne	22	224	\N
3352	Elaz	23	224	\N
3353	Erzincan	24	224	\N
3354	Erzurum	25	224	\N
3355	Eskiehir	26	224	\N
3356	Gaziantep	27	224	\N
3357	Giresun	28	224	\N
3358	Gmhane	29	224	\N
3359	Hakkri	30	224	\N
3360	Hatay	31	224	\N
3361	Isparta	32	224	\N
3362	Mersin	33	224	\N
3363	stanbul	34	224	\N
3364	zmir	35	224	\N
3365	Kars	36	224	\N
3366	Kastamonu	37	224	\N
3367	Kayseri	38	224	\N
3368	Krklareli	39	224	\N
3369	Krehir	40	224	\N
3370	Kocaeli	41	224	\N
3371	Konya	42	224	\N
3372	Ktahya	43	224	\N
3373	Malatya	44	224	\N
3374	Manisa	45	224	\N
3375	Kahramanmara	46	224	\N
3376	Mardin	47	224	\N
3377	Mula	48	224	\N
3378	Mu	49	224	\N
3379	Nevehir	50	224	\N
3380	Nide	51	224	\N
3381	Ordu	52	224	\N
3382	Rize	53	224	\N
3383	Sakarya	54	224	\N
3384	Samsun	55	224	\N
3385	Siirt	56	224	\N
3386	Sinop	57	224	\N
3387	Sivas	58	224	\N
3388	Tekirda	59	224	\N
3389	Tokat	60	224	\N
3390	Trabzon	61	224	\N
3391	Tunceli	62	224	\N
3392	anlurfa	63	224	\N
3393	Uak	64	224	\N
3394	Van	65	224	\N
3395	Yozgat	66	224	\N
3396	Zonguldak	67	224	\N
3397	Aksaray	68	224	\N
3398	Bayburt	69	224	\N
3399	Karaman	70	224	\N
3400	Krkkale	71	224	\N
3401	Batman	72	224	\N
3402	rnak	73	224	\N
3403	Bartn	74	224	\N
3404	Ardahan	75	224	\N
3405	Idr	76	224	\N
3406	Yalova	77	224	\N
3407	Karabk	78	224	\N
3408	Kilis	79	224	\N
3409	Osmaniye	80	224	\N
3410	Dzce	81	224	\N
3411	Arima	ARI	225	\N
3412	Chaguanas	CHA	225	\N
3413	Couva-Tabaquite-Talparo	CTT	225	\N
3414	Diego Martin	DMN	225	\N
3415	Eastern Tobago	ETO	225	\N
3416	Penal-Debe	PED	225	\N
3417	Port of Spain	POS	225	\N
3418	Princes Town	PRT	225	\N
3419	Point Fortin	PTF	225	\N
3420	Rio Claro-Mayaro	RCM	225	\N
3421	San Fernando	SFO	225	\N
3422	Sangre Grande	SGE	225	\N
3423	Siparia	SIP	225	\N
3424	San Juan-Laventille	SJL	225	\N
3425	Tunapuna-Piarco	TUP	225	\N
3426	Western Tobago	WTO	225	\N
3427	Funafuti	FUN	226	\N
3428	Niutao	NIT	226	\N
3429	Nukufetau	NKF	226	\N
3430	Nukulaelae	NKL	226	\N
3431	Nanumea	NMA	226	\N
3432	Nanumanga	NMG	226	\N
3433	Nui	NUI	226	\N
3434	Vaitupu	VAI	226	\N
3435	Changhua	CHA	227	\N
3436	Chiay City	CYI	227	\N
3437	Chiayi	CYQ	227	\N
3438	Hsinchu	HSQ	227	\N
3439	Hsinchui City	HSZ	227	\N
3440	Hualien	HUA	227	\N
3441	Ilan	ILA	227	\N
3442	Keelung City	KEE	227	\N
3443	Kaohsiung City	KHH	227	\N
3444	Kaohsiung	KHQ	227	\N
3445	Miaoli	MIA	227	\N
3446	Nantou	NAN	227	\N
3447	Penghu	PEN	227	\N
3448	Pingtung	PIF	227	\N
3449	Taoyuan	TAO	227	\N
3450	Tainan City	TNN	227	\N
3451	Tainan	TNQ	227	\N
3452	Taipei City	TPE	227	\N
3453	Taipei	TPQ	227	\N
3454	Taitung	TTT	227	\N
3455	Taichung City	TXG	227	\N
3456	Taichung	TXQ	227	\N
3457	Yunlin	YUN	227	\N
3458	Arusha	01	228	\N
3459	Dar-es-Salaam	02	228	\N
3460	Dodoma	03	228	\N
3461	Iringa	04	228	\N
3462	Kagera	05	228	\N
3463	Kaskazini Pemba	06	228	\N
3464	Kaskazini Unguja	07	228	\N
3465	Kigoma	08	228	\N
3466	Kilimanjaro	09	228	\N
3467	Kusini Pemba	10	228	\N
3468	Kusini Unguja	11	228	\N
3469	Lindi	12	228	\N
3470	Mara	13	228	\N
3471	Mbeya	14	228	\N
3472	Mjini Magharibi	15	228	\N
3473	Morogoro	16	228	\N
3474	Mtwara	17	228	\N
3475	Mwanza	18	228	\N
3476	Pwani	19	228	\N
3477	Rukwa	20	228	\N
3478	Ruvuma	21	228	\N
3479	Shinyanga	22	228	\N
3480	Singida	23	228	\N
3481	Tabora	24	228	\N
3482	Tanga	25	228	\N
3483	Manyara	26	228	\N
3484	Vinnyts'ka Oblast'	05	229	\N
3485	Volyns'ka Oblast'	07	229	\N
3486	Luhans'ka Oblast'	09	229	\N
3487	Dnipropetrovs'ka Oblast'	12	229	\N
3488	Donets'ka Oblast'	14	229	\N
3489	Zhytomyrs'ka Oblast'	18	229	\N
3490	Zakarpats'ka Oblast'	21	229	\N
3491	Zaporiz'ka Oblast'	23	229	\N
3492	Ivano-Frankivs'ka Oblast'	26	229	\N
3493	Kyvs'ka mis'ka rada	30	229	\N
3494	Kyvs'ka Oblast'	32	229	\N
3495	Kirovohrads'ka Oblast'	35	229	\N
3496	Sevastopol	40	229	\N
3497	Respublika Krym	43	229	\N
3498	L'vivs'ka Oblast'	46	229	\N
3499	Mykolavs'ka Oblast'	48	229	\N
3500	Odes'ka Oblast'	51	229	\N
3501	Poltavs'ka Oblast'	53	229	\N
3502	Rivnens'ka Oblast'	56	229	\N
3503	Sums 'ka Oblast'	59	229	\N
3504	Ternopil's'ka Oblast'	61	229	\N
3505	Kharkivs'ka Oblast'	63	229	\N
3506	Khersons'ka Oblast'	65	229	\N
3507	Khmel'nyts'ka Oblast'	68	229	\N
3508	Cherkas'ka Oblast'	71	229	\N
3509	Chernihivs'ka Oblast'	74	229	\N
3510	Chernivets'ka Oblast'	77	229	\N
3511	Central	C	230	\N
3512	Eastern	E	230	\N
3513	Northern	N	230	\N
3514	Western	W	230	\N
3515	Johnston Atoll	67	231	\N
3516	Midway Islands	71	231	\N
3517	Navassa Island	76	231	\N
3518	Wake Island	79	231	\N
3519	Baker Island	81	231	\N
3520	Howland Island	84	231	\N
3521	Jarvis Island	86	231	\N
3522	Kingman Reef	89	231	\N
3523	Palmyra Atoll	95	231	\N
3524	Alaska	AK	232	\N
3525	Alabama	AL	232	\N
3526	Arkansas	AR	232	\N
3527	American Samoa	AS	232	\N
3528	Arizona	AZ	232	\N
3529	California	CA	232	\N
3530	Colorado	CO	232	\N
3531	Connecticut	CT	232	\N
3532	District of Columbia	DC	232	\N
3533	Delaware	DE	232	\N
3534	Florida	FL	232	\N
3535	Georgia	GA	232	\N
3536	Guam	GU	232	\N
3537	Hawaii	HI	232	\N
3538	Iowa	IA	232	\N
3539	Idaho	ID	232	\N
3540	Illinois	IL	232	\N
3541	Indiana	IN	232	\N
3542	Kansas	KS	232	\N
3543	Kentucky	KY	232	\N
3544	Louisiana	LA	232	\N
3545	Massachusetts	MA	232	\N
3546	Maryland	MD	232	\N
3547	Maine	ME	232	\N
3548	Michigan	MI	232	\N
3549	Minnesota	MN	232	\N
3550	Missouri	MO	232	\N
3551	Northern Mariana Islands	MP	232	\N
3552	Mississippi	MS	232	\N
3553	Montana	MT	232	\N
3554	North Carolina	NC	232	\N
3555	North Dakota	ND	232	\N
3556	Nebraska	NE	232	\N
3557	New Hampshire	NH	232	\N
3558	New Jersey	NJ	232	\N
3559	New Mexico	NM	232	\N
3560	Nevada	NV	232	\N
3561	New York	NY	232	\N
3562	Ohio	OH	232	\N
3563	Oklahoma	OK	232	\N
3564	Oregon	OR	232	\N
3565	Pennsylvania	PA	232	\N
3566	Puerto Rico	PR	232	\N
3567	Rhode Island	RI	232	\N
3568	South Carolina	SC	232	\N
3569	South Dakota	SD	232	\N
3570	Tennessee	TN	232	\N
3571	Texas	TX	232	\N
3572	United States Minor Outlying Islands	UM	232	\N
3573	Utah	UT	232	\N
3574	Virginia	VA	232	\N
3575	Virgin Islands	VI	232	\N
3576	Vermont	VT	232	\N
3577	Washington	WA	232	\N
3578	Wisconsin	WI	232	\N
3579	West Virginia	WV	232	\N
3580	Wyoming	WY	232	\N
3581	Armed Forces Americas (except Canada)	AA	232	\N
3582	Armed Forces Africa, Canada, Europe, Middle East	AE	232	\N
3583	Armed Forces Pacific	AP	232	\N
3584	Artigas	AR	233	\N
3585	Canelones	CA	233	\N
3586	Cerro Largo	CL	233	\N
3587	Colonia	CO	233	\N
3588	Durazno	DU	233	\N
3589	Florida	FD	233	\N
3590	Flores	FS	233	\N
3591	Lavalleja	LA	233	\N
3592	Maldonado	MA	233	\N
3593	Montevideo	MO	233	\N
3594	Paysand	PA	233	\N
3595	Ro Negro	RN	233	\N
3596	Rocha	RO	233	\N
3597	Rivera	RV	233	\N
3598	Salto	SA	233	\N
3599	San Jos	SJ	233	\N
3600	Soriano	SO	233	\N
3601	Tacuaremb	TA	233	\N
3602	Treinta y Tres	TT	233	\N
3603	Andijon	AN	234	\N
3604	Buxoro	BU	234	\N
3605	Farg'ona	FA	234	\N
3606	Jizzax	JI	234	\N
3607	Namangan	NG	234	\N
3608	Navoiy	NW	234	\N
3609	Qashqadaryo	QA	234	\N
3610	Qoraqalpog'iston Respublikasi	QR	234	\N
3611	Samarqand	SA	234	\N
3612	Sirdaryo	SI	234	\N
3613	Surxondaryo	SU	234	\N
3614	Toshkent	TK	234	\N
3615	Toshkent	TO	234	\N
3616	Xorazm	XO	234	\N
3617	Charlotte	01	236	\N
3618	Saint Andrew	02	236	\N
3619	Saint David	03	236	\N
3620	Saint George	04	236	\N
3621	Saint Patrick	05	236	\N
3622	Grenadines	06	236	\N
3623	Distrito Federal	A	237	\N
3624	Anzotegui	B	237	\N
3625	Apure	C	237	\N
3626	Aragua	D	237	\N
3627	Barinas	E	237	\N
3628	Bolvar	F	237	\N
3629	Carabobo	G	237	\N
3630	Cojedes	H	237	\N
3631	Falcn	I	237	\N
3632	Gurico	J	237	\N
3633	Lara	K	237	\N
3634	Mrida	L	237	\N
3635	Miranda	M	237	\N
3636	Monagas	N	237	\N
3637	Nueva Esparta	O	237	\N
3638	Portuguesa	P	237	\N
3639	Sucre	R	237	\N
3640	Tchira	S	237	\N
3641	Trujillo	T	237	\N
3642	Yaracuy	U	237	\N
3643	Zulia	V	237	\N
3644	Dependencias Federales	W	237	\N
3645	Vargas	X	237	\N
3646	Delta Amacuro	Y	237	\N
3647	Amazonas	Z	237	\N
3648	Lai Chu	01	240	\N
3649	Lo Cai	02	240	\N
3650	H Giang	03	240	\N
3651	Cao Bng	04	240	\N
3652	Sn La	05	240	\N
3653	Yn Bi	06	240	\N
3654	Tuyn Quang	07	240	\N
3655	Lng Sn	09	240	\N
3656	Qung Ninh	13	240	\N
3657	Ho Bnh	14	240	\N
3658	H Ty	15	240	\N
3659	Ninh Bnh	18	240	\N
3660	Thi Bnh	20	240	\N
3661	Thanh Ha	21	240	\N
3662	Ngh An	22	240	\N
3663	H Tnh	23	240	\N
3664	Qung Bnh	24	240	\N
3665	Qung Tr	25	240	\N
3666	Tha Thin-Hu	26	240	\N
3667	Qung Nam	27	240	\N
3668	Kon Tum	28	240	\N
3669	Qung Ngi	29	240	\N
3670	Gia Lai	30	240	\N
3671	Bnh nh	31	240	\N
3672	Ph Yn	32	240	\N
3673	c Lk	33	240	\N
3674	Khnh Ha	34	240	\N
3675	Lm ng	35	240	\N
3676	Ninh Thun	36	240	\N
3677	Ty Ninh	37	240	\N
3678	ng Nai	39	240	\N
3679	Bnh Thun	40	240	\N
3680	Long An	41	240	\N
3681	B Ra-Vng Tu	43	240	\N
3682	An Giang	44	240	\N
3683	ng Thp	45	240	\N
3684	Tin Giang	46	240	\N
3685	Kin Giang	47	240	\N
3686	Vnh Long	49	240	\N
3687	Bn Tre	50	240	\N
3688	Tr Vinh	51	240	\N
3689	Sc Trng	52	240	\N
3690	Bc Kn	53	240	\N
3691	Bc Giang	54	240	\N
3692	Bc Liu	55	240	\N
3693	Bc Ninh	56	240	\N
3694	Bnh Dng	57	240	\N
3695	Bnh Phc	58	240	\N
3696	C Mau	59	240	\N
3697	Hi Duong	61	240	\N
3698	H Nam	63	240	\N
3699	Hng Yn	66	240	\N
3700	Nam nh	67	240	\N
3701	Ph Th	68	240	\N
3702	Thi Nguyn	69	240	\N
3703	Vnh Phc	70	240	\N
3704	in Bin	71	240	\N
3705	k Nng	72	240	\N
3706	Hu Giang	73	240	\N
3707	Cn Th	CT	240	\N
3708	 Nng	DN	240	\N
3709	H Ni	HN	240	\N
3710	Hi Phng	HP	240	\N
3711	H Ch Minh [Si Gn]	SG	240	\N
3712	Malampa	MAP	241	\N
3713	Pnama	PAM	241	\N
3714	Sanma	SAM	241	\N
3715	Shfa	SEE	241	\N
3716	Tafa	TAE	241	\N
3717	Torba	TOB	241	\N
3718	A'ana	AA	243	\N
3719	Aiga-i-le-Tai	AL	243	\N
3720	Atua	AT	243	\N
3721	Fa'asaleleaga	FA	243	\N
3722	Gaga'emauga	GE	243	\N
3723	Gagaifomauga	GI	243	\N
3724	Palauli	PA	243	\N
3725	Satupa'itea	SA	243	\N
3726	Tuamasaga	TU	243	\N
3727	Va'a-o-Fonoti	VF	243	\N
3728	Vaisigano	VS	243	\N
3729	Abyn	AB	244	\N
3730	'Adan	AD	244	\N
3731	'Amrn	AM	244	\N
3732	Al Bay'	BA	244	\N
3733	Ad Dli	DA	244	\N
3734	Dhamr	DH	244	\N
3735	aramawt	HD	244	\N
3736	ajjah	HJ	244	\N
3737	Ibb	IB	244	\N
3738	Al Jawf	JA	244	\N
3739	Laij	LA	244	\N
3740	Ma'rib	MA	244	\N
3741	Al Mahrah	MR	244	\N
3742	Al udaydah	MU	244	\N
3743	Al Mawt	MW	244	\N
3744	Raymah	RA	244	\N
3745	a'dah	SD	244	\N
3746	Shabwah	SH	244	\N
3747	an''	SN	244	\N
3748	T'izz	TA	244	\N
3749	Eastern Cape	EC	246	\N
3750	Free State	FS	246	\N
3751	Gauteng	GP	246	\N
3752	Limpopo	LP	246	\N
3753	Mpumalanga	MP	246	\N
3754	Northern Cape	NC	246	\N
3755	North-West (South Africa)	NW	246	\N
3756	Western Cape	WC	246	\N
3757	Kwazulu-Natal	ZN	246	\N
3758	Western	01	247	\N
3759	Central	02	247	\N
3760	Eastern	03	247	\N
3761	Luapula	04	247	\N
3762	Northern	05	247	\N
3763	North-Western	06	247	\N
3764	Southern (Zambia)	07	247	\N
3765	Copperbelt	08	247	\N
3766	Lusaka	09	247	\N
3767	Bulawayo	BU	248	\N
3768	Harare	HA	248	\N
3769	Manicaland	MA	248	\N
3770	Mashonaland Central	MC	248	\N
3771	Mashonaland East	ME	248	\N
3772	Midlands	MI	248	\N
3773	Matabeleland North	MN	248	\N
3774	Matabeleland South	MS	248	\N
3775	Masvingo	MV	248	\N
3776	Mashonaland West	MW	248	\N
\.


--
-- Data for Name: spree_stock_items; Type: TABLE DATA;
--

COPY "spree_stock_items" ("id", "stock_location_id", "variant_id", "count_on_hand", "created_at", "updated_at", "backorderable", "deleted_at") FROM stdin;
1	1	1	-6	2017-01-29T07:39:33	2017-01-29T09:00:07	t	\N
2	1	2	-1	2017-01-29T07:39:33	2017-01-29T09:00:07	t	\N
3	1	3	0	2017-01-29T07:39:34	2017-01-29T07:39:34	t	\N
4	1	4	-1	2017-01-29T07:39:34	2017-01-30T20:27:07	t	\N
5	1	5	-1	2017-01-29T07:39:34	2017-01-30T20:27:39	t	\N
6	1	6	198	2017-01-29T07:39:34	2017-01-29T09:09:34	t	\N
7	1	7	0	2017-01-29T07:39:35	2017-01-29T07:39:35	t	\N
8	1	8	0	2017-01-29T07:39:35	2017-01-29T07:39:35	t	\N
9	1	9	0	2017-01-29T07:39:35	2017-01-29T07:39:35	t	\N
10	1	10	0	2017-01-29T07:39:37	2017-01-29T07:39:37	t	\N
11	1	11	-1	2017-01-29T07:39:37	2017-01-30T20:28:43	t	\N
12	1	12	-1	2017-01-29T07:39:37	2017-01-30T20:48:17	t	\N
13	1	13	0	2017-01-29T07:39:38	2017-01-29T07:39:38	t	\N
14	1	14	0	2017-01-29T07:39:38	2017-01-29T07:39:38	t	\N
15	1	15	0	2017-01-29T07:39:38	2017-01-29T07:39:38	t	\N
16	1	16	0	2017-01-29T07:39:38	2017-01-29T07:39:38	t	\N
17	1	17	197	2017-01-29T08:35:25	2017-01-30T17:49:48	t	\N
\.


--
-- Data for Name: spree_stock_locations; Type: TABLE DATA;
--

COPY "spree_stock_locations" ("id", "name", "created_at", "updated_at", "default", "address1", "address2", "city", "state_id", "state_name", "country_id", "zipcode", "phone", "active", "backorderable_default", "propagate_all_variants", "admin_name") FROM stdin;
1	default	2017-01-29T07:39:05	2017-01-29T07:39:05	f	\N	\N	\N	\N	\N	\N	\N	\N	t	t	t	\N
\.


--
-- Data for Name: spree_stock_movements; Type: TABLE DATA;
--

COPY "spree_stock_movements" ("id", "stock_item_id", "quantity", "action", "created_at", "updated_at", "originator_id", "originator_type") FROM stdin;
1	1	-1	\N	2017-01-29T07:56:01	2017-01-29T07:56:01	1	Spree::Shipment
2	17	200	\N	2017-01-29T08:37:53	2017-01-29T08:37:53	\N	\N
3	17	-1	\N	2017-01-29T08:59:28	2017-01-29T08:59:28	9	Spree::Shipment
4	1	-3	\N	2017-01-29T08:59:28	2017-01-29T08:59:28	10	Spree::Shipment
5	1	-2	\N	2017-01-29T09:00:07	2017-01-29T09:00:07	11	Spree::Shipment
6	2	-1	\N	2017-01-29T09:00:07	2017-01-29T09:00:07	11	Spree::Shipment
7	6	199	\N	2017-01-29T09:08:17	2017-01-29T09:08:17	\N	\N
8	6	-1	\N	2017-01-29T09:09:34	2017-01-29T09:09:34	14	Spree::Shipment
9	17	-1	\N	2017-01-30T15:39:31	2017-01-30T15:39:31	15	Spree::Shipment
10	17	-1	\N	2017-01-30T17:49:48	2017-01-30T17:49:48	18	Spree::Shipment
11	4	-1	\N	2017-01-30T20:27:07	2017-01-30T20:27:07	19	Spree::Shipment
12	5	-1	\N	2017-01-30T20:27:39	2017-01-30T20:27:39	20	Spree::Shipment
13	11	-1	\N	2017-01-30T20:28:43	2017-01-30T20:28:43	21	Spree::Shipment
14	12	-1	\N	2017-01-30T20:48:17	2017-01-30T20:48:17	25	Spree::Shipment
\.


--
-- Data for Name: spree_stock_transfers; Type: TABLE DATA;
--

COPY "spree_stock_transfers" ("id", "type", "reference", "source_location_id", "destination_location_id", "created_at", "updated_at", "number") FROM stdin;
\.


--
-- Data for Name: spree_stores; Type: TABLE DATA;
--

COPY "spree_stores" ("id", "name", "url", "meta_description", "meta_keywords", "seo_title", "mail_from_address", "default_currency", "code", "default", "created_at", "updated_at") FROM stdin;
1	Spree Demo Site	demo.spreecommerce.com	\N	\N	\N	spree@example.com	\N	spree	t	2017-01-29T07:39:11	2017-01-29T07:39:11
\.


--
-- Data for Name: spree_tax_categories; Type: TABLE DATA;
--

COPY "spree_tax_categories" ("id", "name", "description", "is_default", "deleted_at", "created_at", "updated_at", "tax_code") FROM stdin;
1	Clothing	\N	f	\N	2017-01-29T07:39:32	2017-01-29T07:39:32	\N
2	Food	\N	f	\N	2017-01-29T07:39:32	2017-01-29T07:39:32	\N
\.


--
-- Data for Name: spree_tax_rates; Type: TABLE DATA;
--

COPY "spree_tax_rates" ("id", "amount", "zone_id", "tax_category_id", "included_in_price", "created_at", "updated_at", "name", "show_rate_in_label", "deleted_at") FROM stdin;
1	0.05000	2	1	f	2017-01-29T07:39:33	2017-01-29T07:39:33	North America	t	\N
\.


--
-- Data for Name: spree_taxonomies; Type: TABLE DATA;
--

COPY "spree_taxonomies" ("id", "name", "created_at", "updated_at", "position") FROM stdin;
1	Categories	2017-01-29T07:39:39	2017-01-30T20:48:17	1
2	Brand	2017-01-29T07:39:39	2017-01-30T20:48:17	2
\.


--
-- Data for Name: spree_taxons; Type: TABLE DATA;
--

COPY "spree_taxons" ("id", "parent_id", "position", "name", "permalink", "taxonomy_id", "lft", "rgt", "icon_file_name", "icon_content_type", "icon_file_size", "icon_updated_at", "description", "created_at", "updated_at", "meta_title", "meta_description", "meta_keywords", "depth", "suggestable") FROM stdin;
1	\N	0	Categories	categories	1	1	12	\N	\N	\N	\N	\N	2017-01-29T07:39:39	2017-01-30T20:48:17	\N	\N	\N	0	f
2	\N	0	Brand	brand	2	13	22	\N	\N	\N	\N	\N	2017-01-29T07:39:39	2017-01-30T20:48:17	\N	\N	\N	0	f
3	1	1	Bags	categories/bags	1	2	3	\N	\N	\N	\N	\N	2017-01-29T07:39:39	2017-01-30T20:48:17	\N	\N	\N	1	f
4	1	2	Mugs	categories/mugs	1	4	5	\N	\N	\N	\N	\N	2017-01-29T07:39:39	2017-01-29T07:39:40	\N	\N	\N	1	f
5	1	0	Clothing	categories/clothing	1	6	11	\N	\N	\N	\N	\N	2017-01-29T07:39:40	2017-01-30T20:27:39	\N	\N	\N	1	f
6	5	0	Shirts	categories/clothing/shirts	1	7	8	\N	\N	\N	\N	\N	2017-01-29T07:39:40	2017-01-30T20:27:07	\N	\N	\N	2	f
7	5	0	T-Shirts	categories/clothing/t-shirts	1	9	10	\N	\N	\N	\N	\N	2017-01-29T07:39:40	2017-01-30T20:27:39	\N	\N	\N	2	f
8	2	0	Ruby	brand/ruby	2	14	15	\N	\N	\N	\N	\N	2017-01-29T07:39:40	2017-01-29T09:09:34	\N	\N	\N	1	f
9	2	0	Apache	brand/apache	2	16	17	\N	\N	\N	\N	\N	2017-01-29T07:39:41	2017-01-29T07:39:41	\N	\N	\N	1	f
10	2	0	Spree	brand/spree	2	18	19	\N	\N	\N	\N	\N	2017-01-29T07:39:41	2017-01-30T20:48:17	\N	\N	\N	1	f
11	2	0	Rails	brand/rails	2	20	21	\N	\N	\N	\N	\N	2017-01-29T07:39:41	2017-01-30T20:27:39	\N	\N	\N	1	f
\.


--
-- Data for Name: spree_taxons_promotion_rules; Type: TABLE DATA;
--

COPY "spree_taxons_promotion_rules" ("id", "taxon_id", "promotion_rule_id") FROM stdin;
\.


--
-- Data for Name: spree_taxons_prototypes; Type: TABLE DATA;
--

COPY "spree_taxons_prototypes" ("id", "taxon_id", "prototype_id") FROM stdin;
\.


--
-- Data for Name: spree_trackers; Type: TABLE DATA;
--

COPY "spree_trackers" ("id", "analytics_id", "active", "created_at", "updated_at") FROM stdin;
\.


--
-- Data for Name: spree_user_authentications; Type: TABLE DATA;
--

COPY "spree_user_authentications" ("id", "uid", "provider", "user_id", "profile_pic_url") FROM stdin;
\.


--
-- Data for Name: spree_users; Type: TABLE DATA;
--

COPY "spree_users" ("id", "encrypted_password", "password_salt", "email", "remember_token", "persistence_token", "reset_password_token", "perishable_token", "sign_in_count", "failed_attempts", "last_request_at", "current_sign_in_at", "last_sign_in_at", "current_sign_in_ip", "last_sign_in_ip", "login", "ship_address_id", "bill_address_id", "authentication_token", "unlock_token", "locked_at", "reset_password_sent_at", "created_at", "updated_at", "spree_api_key", "remember_created_at", "deleted_at", "confirmation_token", "confirmed_at", "confirmation_sent_at", "full_name", "phone") FROM stdin;
1	362d7d045b0c83148425b9651fbb426406ea69d74ce67d378768f55f2be1845a90fef43db3dc895fc7d45a864a295275770295a62088fa2a48f4621d80562137	dQdXDe44jXsNcNB5aYap	spree@example.com	\N	\N	\N	\N	10	0	\N	2017-01-30T20:51:44	2017-01-30T15:48:15	127.0.0.1	127.0.0.1	spree@example.com	\N	\N	\N	\N	\N	\N	2017-01-29T07:39:27	2017-01-30T20:52:48	1983325f681ae17b7dd1a4c2b34938691bfa102fdc6c8f01	\N	\N	\N	\N	\N	\N	\N
2	95aa85fc2c41c9a30ee8f1300638dda14d0a46442be9ec4d5d633e5a6207eb2a0e8c970448cfc6ce38633676c8d8e5745e8ad79a776ef154c68131b56e6b73c3	9993pbJUHyVyE8h36wpd	kaustubhwise@gmail.com	\N	\N	\N	\N	9	0	\N	2017-01-30T20:25:46	2017-01-29T09:09:02	127.0.0.1	192.168.0.4	kaustubhwise@gmail.com	6	6	\N	\N	\N	\N	2017-01-29T07:52:58	2017-01-30T20:27:35	aa694797bbb01e05ce8909db86c95da38e88f004ab655a8d	\N	\N	\N	\N	\N	Kaustubh Kabra	7867199135
3	e0f3820af4937862359ace6a0beb9b32a49c1feadb5cf23c9fef6769225525ff180d5ec93294295daf8022208b29992048a0da393e013fff7832f8f15446d9af	ypxHvixgtsbZXExDrcX2	shital1391@gmail.com	\N	\N	\N	\N	1	0	\N	2017-01-29T08:13:58	2017-01-29T08:13:58	192.168.0.4	192.168.0.4	shital1391@gmail.com	\N	\N	\N	\N	\N	\N	2017-01-29T08:13:58	2017-01-29T08:13:58	e1bc3f2932872c31241e9d382560f9d27d0f078e6cff60ea	\N	\N	\N	\N	\N	\N	\N
4	da4deb9454d64a728d8005121ba7f6a6bdb9b504d39690108b921ce1f6d3cb00a5ec2d81476eccd51ef6ce2f4d5e50876fd922af87ee67cc66bda13e63c303bc	DYLC-HtTTpxNPwcfwLVN	star1391@gmail.com	\N	\N	\N	\N	3	0	\N	2017-01-29T08:59:44	2017-01-29T08:27:14	192.168.0.4	192.168.0.4	star1391@gmail.com	3	3	\N	\N	\N	\N	2017-01-29T08:14:48	2017-01-29T08:59:44	3d2fc003f7bdcbf80aec45abb7837724fcb0f2bc7ab349f4	\N	\N	\N	\N	\N	Shital Jaju	8237693221
5	ad68388d52feb3cae36ffc82c0ed938cf94f37cb9496f84fb4735aea3e78b047f9db09dd0211be09d56f53c84fb95587b5a654919e54ec664a6d3d0bcb23d27d	pycfWYYDVAy2KoHo6-j8	skk@gmail.com	\N	\N	\N	\N	0	0	\N	\N	\N	\N	\N	skk@gmail.com	\N	\N	\N	\N	\N	\N	2017-01-30T17:32:44	2017-01-30T17:32:44	99f2ee2a0c80f669768195f68fd76398b519fe193776a22f	\N	\N	cbf62d77e512c69c7cfb74d6a1b06ac97efc7b582a7caeb165471252619f5963	\N	2017-01-30T17:32:44	Shital Kaustubh Kabra	\N
6	9c9279fd67d9006b64010d3eef9cdf347584d961a1a0d493689ad3c4a8f078e35f2364a18871f4d40f5074fc3ad903e5345ad28b0bf818263fd7440f699e3c7d	J7oeLwSAQbVLtcybg6q2	check@gmail.com	\N	\N	\N	\N	0	0	\N	\N	\N	\N	\N	check@gmail.com	\N	\N	\N	\N	\N	\N	2017-01-30T17:38:33	2017-01-30T17:38:33	d5f0baac4c079df00e4ebd2638f0289adf3294c7d34d85f0	\N	\N	fcb7e560d50b080953f308ddaa60b54d18ad1709cf40dd54d7a648609afb53a4	2017-01-30T17:38:33	2017-01-30T17:38:33	\N	\N
7	e7d57e0bb6efcb42109c2c44adfdea46ef5203c9882960574cc22b4ac2539d779e1c29c3c6bf634981ba16cacd259003bf4e2e776d775ce95587181d36a91315	viT5m-H3U_F4zCtFc3Vs	kaustubhwise1@gmail.com	\N	\N	\N	\N	3	0	\N	2017-01-30T20:35:36	2017-01-30T17:46:53	127.0.0.1	127.0.0.1	kaustubhwise1@gmail.com	\N	\N	\N	\N	\N	\N	2017-01-30T17:46:15	2017-01-30T20:35:36	e1855c0ec4982871055f9300e5a2d08a9814887f1fe5a481	\N	\N	0359f949da710ecd028fb081d4696963a6ba7deb6beba45b483665470b79c95d	2017-01-30T17:46:15	2017-01-30T17:46:15	\N	\N
8	3a7a2d16162060cb6538455279c9553f5ba363ab6e95e5b594535013050169edcb31419e7bd60639bf22501b3b4c0d2fe7453d6af86398166269c024f8619a9a	cobxrPHtcBbrxDqvQf7Z	t@gmail.com	\N	\N	\N	\N	0	0	\N	\N	\N	\N	\N	t@gmail.com	12	12	\N	\N	\N	\N	2017-01-30T20:46:54	2017-01-30T20:48:11	6e2a5dc31dad41987caaa23d69589d5964d329a831af2e0d	\N	\N	\N	\N	\N	Test	8237693220
\.


--
-- Data for Name: spree_variants; Type: TABLE DATA;
--

COPY "spree_variants" ("id", "sku", "weight", "height", "width", "depth", "deleted_at", "is_master", "product_id", "cost_price", "cost_currency", "position", "track_inventory", "tax_category_id", "updated_at", "stock_items_count") FROM stdin;
1		0.00	\N	\N	\N	\N	t	1	\N	USD	1	t	\N	2017-01-29T09:00:07	1
2		0.00	\N	\N	\N	\N	t	2	\N	USD	1	t	\N	2017-01-29T09:00:07	1
3		0.00	\N	\N	\N	\N	t	3	\N	USD	1	t	\N	2017-01-29T07:39:34	1
4		0.00	\N	\N	\N	\N	t	4	\N	USD	1	t	\N	2017-01-30T20:27:07	1
5		0.00	\N	\N	\N	\N	t	5	\N	USD	1	t	\N	2017-01-30T20:27:39	1
6		0.00	\N	\N	\N	\N	t	6	\N	USD	1	t	\N	2017-01-29T09:09:34	1
7		0.00	\N	\N	\N	\N	t	7	\N	USD	1	t	\N	2017-01-29T07:39:35	1
8		0.00	\N	\N	\N	\N	t	8	\N	USD	1	t	\N	2017-01-29T07:39:35	1
9		0.00	\N	\N	\N	\N	t	9	\N	USD	1	t	\N	2017-01-29T07:39:35	1
10		0.00	\N	\N	\N	\N	t	10	\N	USD	1	t	\N	2017-01-29T07:39:37	1
11		0.00	\N	\N	\N	\N	t	11	\N	USD	1	t	\N	2017-01-30T20:28:43	1
12		0.00	\N	\N	\N	\N	t	12	\N	USD	1	t	\N	2017-01-30T20:48:17	1
13		0.00	\N	\N	\N	\N	t	13	\N	USD	1	t	\N	2017-01-29T07:39:38	1
14		0.00	\N	\N	\N	\N	t	14	\N	USD	1	t	\N	2017-01-29T07:39:38	1
15		0.00	\N	\N	\N	\N	t	15	\N	USD	1	t	\N	2017-01-29T07:39:38	1
16		0.00	\N	\N	\N	\N	t	16	\N	USD	1	t	\N	2017-01-29T07:39:39	1
17	123	0.00	\N	\N	\N	\N	f	1	22.00	USD	2	t	\N	2017-01-30T17:49:48	1
\.


--
-- Data for Name: spree_wished_products; Type: TABLE DATA;
--

COPY "spree_wished_products" ("id", "variant_id", "wishlist_id", "remark", "created_at", "updated_at", "quantity") FROM stdin;
1	4	1	\N	2017-01-30T20:26:20	2017-01-30T20:26:20	1
2	1	1	\N	2017-01-30T20:26:40	2017-01-30T20:26:40	1
\.


--
-- Data for Name: spree_wishlists; Type: TABLE DATA;
--

COPY "spree_wishlists" ("id", "user_id", "name", "access_hash", "is_private", "is_default", "created_at", "updated_at") FROM stdin;
1	2	Wishlist	ea685d9a8c7b4f70b694c3d3536e1142feae5a3c	t	t	2017-01-30T20:26:20	2017-01-30T20:26:20
2	2	Check	f5ecf313f368bfdb1395fb3218d0ca53cc7a0dab	t	f	2017-01-30T20:26:32	2017-01-30T20:26:32
\.


--
-- Data for Name: spree_zone_members; Type: TABLE DATA;
--

COPY "spree_zone_members" ("id", "zoneable_id", "zoneable_type", "zone_id", "created_at", "updated_at") FROM stdin;
1	179	Spree::Country	1	2017-01-29T07:39:24	2017-01-29T07:39:24
2	70	Spree::Country	1	2017-01-29T07:39:24	2017-01-29T07:39:24
3	183	Spree::Country	1	2017-01-29T07:39:24	2017-01-29T07:39:24
4	188	Spree::Country	1	2017-01-29T07:39:24	2017-01-29T07:39:24
5	57	Spree::Country	1	2017-01-29T07:39:24	2017-01-29T07:39:24
6	75	Spree::Country	1	2017-01-29T07:39:24	2017-01-29T07:39:24
7	201	Spree::Country	1	2017-01-29T07:39:24	2017-01-29T07:39:24
8	100	Spree::Country	1	2017-01-29T07:39:24	2017-01-29T07:39:24
9	199	Spree::Country	1	2017-01-29T07:39:24	2017-01-29T07:39:24
10	102	Spree::Country	1	2017-01-29T07:39:24	2017-01-29T07:39:24
11	12	Spree::Country	1	2017-01-29T07:39:24	2017-01-29T07:39:24
12	68	Spree::Country	1	2017-01-29T07:39:24	2017-01-29T07:39:24
13	110	Spree::Country	1	2017-01-29T07:39:24	2017-01-29T07:39:24
14	20	Spree::Country	1	2017-01-29T07:39:24	2017-01-29T07:39:24
15	196	Spree::Country	1	2017-01-29T07:39:24	2017-01-29T07:39:24
16	135	Spree::Country	1	2017-01-29T07:39:24	2017-01-29T07:39:24
17	22	Spree::Country	1	2017-01-29T07:39:24	2017-01-29T07:39:24
18	77	Spree::Country	1	2017-01-29T07:39:24	2017-01-29T07:39:24
19	133	Spree::Country	1	2017-01-29T07:39:24	2017-01-29T07:39:24
20	55	Spree::Country	1	2017-01-29T07:39:24	2017-01-29T07:39:24
21	134	Spree::Country	1	2017-01-29T07:39:24	2017-01-29T07:39:24
22	153	Spree::Country	1	2017-01-29T07:39:24	2017-01-29T07:39:24
23	59	Spree::Country	1	2017-01-29T07:39:24	2017-01-29T07:39:24
24	166	Spree::Country	1	2017-01-29T07:39:24	2017-01-29T07:39:24
25	64	Spree::Country	1	2017-01-29T07:39:24	2017-01-29T07:39:24
26	232	Spree::Country	2	2017-01-29T07:39:24	2017-01-29T07:39:24
27	38	Spree::Country	2	2017-01-29T07:39:24	2017-01-29T07:39:24
28	105	Spree::Country	3	2017-01-29T08:53:57	2017-01-29T08:53:57
\.


--
-- Data for Name: spree_zones; Type: TABLE DATA;
--

COPY "spree_zones" ("id", "name", "description", "default_tax", "zone_members_count", "created_at", "updated_at", "kind") FROM stdin;
1	EU_VAT	Countries that make up the EU VAT zone.	f	25	2017-01-29T07:39:24	2017-01-29T07:39:24	\N
2	North America	USA + Canada	f	2	2017-01-29T07:39:24	2017-01-29T07:39:24	\N
3	India	Free	f	1	2017-01-29T08:53:57	2017-01-29T08:53:57	country
\.

ALTER TABLE "friendly_id_slugs" ADD CONSTRAINT "friendly_id_slugs_id_pkey" PRIMARY KEY(id);
DROP INDEX IF EXISTS "friendly_id_slugs_slug_sluggable_type_scope" CASCADE;
CREATE UNIQUE INDEX "friendly_id_slugs_slug_sluggable_type_scope" ON "friendly_id_slugs" ("slug", "sluggable_type", "scope");
DROP INDEX IF EXISTS "friendly_id_slugs_sluggable_id" CASCADE;
CREATE INDEX "friendly_id_slugs_sluggable_id" ON "friendly_id_slugs" ("sluggable_id");
DROP INDEX IF EXISTS "friendly_id_slugs_slug_sluggable_type" CASCADE;
CREATE INDEX "friendly_id_slugs_slug_sluggable_type" ON "friendly_id_slugs" ("slug", "sluggable_type");
DROP INDEX IF EXISTS "friendly_id_slugs_sluggable_type" CASCADE;
CREATE INDEX "friendly_id_slugs_sluggable_type" ON "friendly_id_slugs" ("sluggable_type");
DROP INDEX IF EXISTS "friendly_id_slugs_deleted_at" CASCADE;
CREATE INDEX "friendly_id_slugs_deleted_at" ON "friendly_id_slugs" ("deleted_at");DROP INDEX IF EXISTS "schema_migrations_version" CASCADE;
CREATE UNIQUE INDEX "schema_migrations_version" ON "schema_migrations" ("version");ALTER TABLE "spree_addresses" ADD CONSTRAINT "spree_addresses_id_pkey" PRIMARY KEY(id);
DROP INDEX IF EXISTS "spree_addresses_firstname" CASCADE;
CREATE INDEX "spree_addresses_firstname" ON "spree_addresses" ("firstname");
DROP INDEX IF EXISTS "spree_addresses_lastname" CASCADE;
CREATE INDEX "spree_addresses_lastname" ON "spree_addresses" ("lastname");
DROP INDEX IF EXISTS "spree_addresses_country_id" CASCADE;
CREATE INDEX "spree_addresses_country_id" ON "spree_addresses" ("country_id");
DROP INDEX IF EXISTS "spree_addresses_state_id" CASCADE;
CREATE INDEX "spree_addresses_state_id" ON "spree_addresses" ("state_id");
DROP INDEX IF EXISTS "spree_addresses_user_id" CASCADE;
CREATE INDEX "spree_addresses_user_id" ON "spree_addresses" ("user_id");ALTER TABLE "spree_adjustments" ADD CONSTRAINT "spree_adjustments_id_pkey" PRIMARY KEY(id);
DROP INDEX IF EXISTS "spree_adjustments_adjustable_id" CASCADE;
CREATE INDEX "spree_adjustments_adjustable_id" ON "spree_adjustments" ("adjustable_id");
DROP INDEX IF EXISTS "spree_adjustments_adjustable_id_adjustable_type" CASCADE;
CREATE INDEX "spree_adjustments_adjustable_id_adjustable_type" ON "spree_adjustments" ("adjustable_id", "adjustable_type");
DROP INDEX IF EXISTS "spree_adjustments_eligible" CASCADE;
CREATE INDEX "spree_adjustments_eligible" ON "spree_adjustments" ("eligible");
DROP INDEX IF EXISTS "spree_adjustments_order_id" CASCADE;
CREATE INDEX "spree_adjustments_order_id" ON "spree_adjustments" ("order_id");
DROP INDEX IF EXISTS "spree_adjustments_source_id_source_type" CASCADE;
CREATE INDEX "spree_adjustments_source_id_source_type" ON "spree_adjustments" ("source_id", "source_type");ALTER TABLE "spree_assets" ADD CONSTRAINT "spree_assets_id_pkey" PRIMARY KEY(id);
DROP INDEX IF EXISTS "spree_assets_viewable_id" CASCADE;
CREATE INDEX "spree_assets_viewable_id" ON "spree_assets" ("viewable_id");
DROP INDEX IF EXISTS "spree_assets_viewable_type_type" CASCADE;
CREATE INDEX "spree_assets_viewable_type_type" ON "spree_assets" ("viewable_type", "type");ALTER TABLE "spree_banner_types" ADD CONSTRAINT "spree_banner_types_id_pkey" PRIMARY KEY(id);ALTER TABLE "spree_banners" ADD CONSTRAINT "spree_banners_id_pkey" PRIMARY KEY(id);
DROP INDEX IF EXISTS "spree_banners_type_id" CASCADE;
CREATE INDEX "spree_banners_type_id" ON "spree_banners" ("type_id");ALTER TABLE "spree_calculators" ADD CONSTRAINT "spree_calculators_id_pkey" PRIMARY KEY(id);
DROP INDEX IF EXISTS "spree_calculators_id_type" CASCADE;
CREATE INDEX "spree_calculators_id_type" ON "spree_calculators" ("id", "type");
DROP INDEX IF EXISTS "spree_calculators_calculable_id_calculable_type" CASCADE;
CREATE INDEX "spree_calculators_calculable_id_calculable_type" ON "spree_calculators" ("calculable_id", "calculable_type");
DROP INDEX IF EXISTS "spree_calculators_deleted_at" CASCADE;
CREATE INDEX "spree_calculators_deleted_at" ON "spree_calculators" ("deleted_at");ALTER TABLE "spree_countries" ADD CONSTRAINT "spree_countries_id_pkey" PRIMARY KEY(id);ALTER TABLE "spree_credit_cards" ADD CONSTRAINT "spree_credit_cards_id_pkey" PRIMARY KEY(id);
DROP INDEX IF EXISTS "spree_credit_cards_user_id" CASCADE;
CREATE INDEX "spree_credit_cards_user_id" ON "spree_credit_cards" ("user_id");
DROP INDEX IF EXISTS "spree_credit_cards_payment_method_id" CASCADE;
CREATE INDEX "spree_credit_cards_payment_method_id" ON "spree_credit_cards" ("payment_method_id");
DROP INDEX IF EXISTS "spree_credit_cards_address_id" CASCADE;
CREATE INDEX "spree_credit_cards_address_id" ON "spree_credit_cards" ("address_id");ALTER TABLE "spree_customer_returns" ADD CONSTRAINT "spree_customer_returns_id_pkey" PRIMARY KEY(id);ALTER TABLE "spree_devices" ADD CONSTRAINT "spree_devices_id_pkey" PRIMARY KEY(id);
DROP INDEX IF EXISTS "spree_devices_device_token" CASCADE;
CREATE INDEX "spree_devices_device_token" ON "spree_devices" ("device_token");
DROP INDEX IF EXISTS "spree_devices_user_id" CASCADE;
CREATE INDEX "spree_devices_user_id" ON "spree_devices" ("user_id");ALTER TABLE "spree_feedback_reviews" ADD CONSTRAINT "spree_feedback_reviews_id_pkey" PRIMARY KEY(id);
DROP INDEX IF EXISTS "spree_feedback_reviews_review_id" CASCADE;
CREATE INDEX "spree_feedback_reviews_review_id" ON "spree_feedback_reviews" ("review_id");
DROP INDEX IF EXISTS "spree_feedback_reviews_user_id" CASCADE;
CREATE INDEX "spree_feedback_reviews_user_id" ON "spree_feedback_reviews" ("user_id");ALTER TABLE "spree_filters" ADD CONSTRAINT "spree_filters_id_pkey" PRIMARY KEY(id);
DROP INDEX IF EXISTS "spree_filters_type_name" CASCADE;
CREATE INDEX "spree_filters_type_name" ON "spree_filters" ("type", "name");ALTER TABLE "spree_gateways" ADD CONSTRAINT "spree_gateways_id_pkey" PRIMARY KEY(id);
DROP INDEX IF EXISTS "spree_gateways_active" CASCADE;
CREATE INDEX "spree_gateways_active" ON "spree_gateways" ("active");
DROP INDEX IF EXISTS "spree_gateways_test_mode" CASCADE;
CREATE INDEX "spree_gateways_test_mode" ON "spree_gateways" ("test_mode");ALTER TABLE "spree_inventory_units" ADD CONSTRAINT "spree_inventory_units_id_pkey" PRIMARY KEY(id);
DROP INDEX IF EXISTS "spree_inventory_units_order_id" CASCADE;
CREATE INDEX "spree_inventory_units_order_id" ON "spree_inventory_units" ("order_id");
DROP INDEX IF EXISTS "spree_inventory_units_shipment_id" CASCADE;
CREATE INDEX "spree_inventory_units_shipment_id" ON "spree_inventory_units" ("shipment_id");
DROP INDEX IF EXISTS "spree_inventory_units_variant_id" CASCADE;
CREATE INDEX "spree_inventory_units_variant_id" ON "spree_inventory_units" ("variant_id");
DROP INDEX IF EXISTS "spree_inventory_units_line_item_id" CASCADE;
CREATE INDEX "spree_inventory_units_line_item_id" ON "spree_inventory_units" ("line_item_id");ALTER TABLE "spree_line_items" ADD CONSTRAINT "spree_line_items_id_pkey" PRIMARY KEY(id);
DROP INDEX IF EXISTS "spree_line_items_order_id" CASCADE;
CREATE INDEX "spree_line_items_order_id" ON "spree_line_items" ("order_id");
DROP INDEX IF EXISTS "spree_line_items_variant_id" CASCADE;
CREATE INDEX "spree_line_items_variant_id" ON "spree_line_items" ("variant_id");
DROP INDEX IF EXISTS "spree_line_items_tax_category_id" CASCADE;
CREATE INDEX "spree_line_items_tax_category_id" ON "spree_line_items" ("tax_category_id");ALTER TABLE "spree_log_entries" ADD CONSTRAINT "spree_log_entries_id_pkey" PRIMARY KEY(id);
DROP INDEX IF EXISTS "spree_log_entries_source_id_source_type" CASCADE;
CREATE INDEX "spree_log_entries_source_id_source_type" ON "spree_log_entries" ("source_id", "source_type");ALTER TABLE "spree_option_types" ADD CONSTRAINT "spree_option_types_id_pkey" PRIMARY KEY(id);
DROP INDEX IF EXISTS "spree_option_types_position" CASCADE;
CREATE INDEX "spree_option_types_position" ON "spree_option_types" ("position");ALTER TABLE "spree_option_values" ADD CONSTRAINT "spree_option_values_id_pkey" PRIMARY KEY(id);
DROP INDEX IF EXISTS "spree_option_values_option_type_id" CASCADE;
CREATE INDEX "spree_option_values_option_type_id" ON "spree_option_values" ("option_type_id");
DROP INDEX IF EXISTS "spree_option_values_position" CASCADE;
CREATE INDEX "spree_option_values_position" ON "spree_option_values" ("position");DROP INDEX IF EXISTS "spree_option_values_variants_variant_id_option_value_id" CASCADE;
CREATE INDEX "spree_option_values_variants_variant_id_option_value_id" ON "spree_option_values_variants" ("variant_id", "option_value_id");
DROP INDEX IF EXISTS "spree_option_values_variants_variant_id" CASCADE;
CREATE INDEX "spree_option_values_variants_variant_id" ON "spree_option_values_variants" ("variant_id");ALTER TABLE "spree_orders" ADD CONSTRAINT "spree_orders_id_pkey" PRIMARY KEY(id);
DROP INDEX IF EXISTS "spree_orders_number" CASCADE;
CREATE INDEX "spree_orders_number" ON "spree_orders" ("number");
DROP INDEX IF EXISTS "spree_orders_user_id" CASCADE;
CREATE INDEX "spree_orders_user_id" ON "spree_orders" ("user_id");
DROP INDEX IF EXISTS "spree_orders_completed_at" CASCADE;
CREATE INDEX "spree_orders_completed_at" ON "spree_orders" ("completed_at");
DROP INDEX IF EXISTS "spree_orders_approver_id" CASCADE;
CREATE INDEX "spree_orders_approver_id" ON "spree_orders" ("approver_id");
DROP INDEX IF EXISTS "spree_orders_bill_address_id" CASCADE;
CREATE INDEX "spree_orders_bill_address_id" ON "spree_orders" ("bill_address_id");
DROP INDEX IF EXISTS "spree_orders_confirmation_delivered" CASCADE;
CREATE INDEX "spree_orders_confirmation_delivered" ON "spree_orders" ("confirmation_delivered");
DROP INDEX IF EXISTS "spree_orders_considered_risky" CASCADE;
CREATE INDEX "spree_orders_considered_risky" ON "spree_orders" ("considered_risky");
DROP INDEX IF EXISTS "spree_orders_created_by_id" CASCADE;
CREATE INDEX "spree_orders_created_by_id" ON "spree_orders" ("created_by_id");
DROP INDEX IF EXISTS "spree_orders_ship_address_id" CASCADE;
CREATE INDEX "spree_orders_ship_address_id" ON "spree_orders" ("ship_address_id");
DROP INDEX IF EXISTS "spree_orders_shipping_method_id" CASCADE;
CREATE INDEX "spree_orders_shipping_method_id" ON "spree_orders" ("shipping_method_id");
DROP INDEX IF EXISTS "spree_orders_user_id_created_by_id" CASCADE;
CREATE INDEX "spree_orders_user_id_created_by_id" ON "spree_orders" ("user_id", "created_by_id");
DROP INDEX IF EXISTS "spree_orders_guest_token" CASCADE;
CREATE INDEX "spree_orders_guest_token" ON "spree_orders" ("guest_token");DROP INDEX IF EXISTS "spree_orders_promotions_order_id_promotion_id" CASCADE;
CREATE INDEX "spree_orders_promotions_order_id_promotion_id" ON "spree_orders_promotions" ("order_id", "promotion_id");ALTER TABLE "spree_payment_capture_events" ADD CONSTRAINT "spree_payment_capture_events_id_pkey" PRIMARY KEY(id);
DROP INDEX IF EXISTS "spree_payment_capture_events_payment_id" CASCADE;
CREATE INDEX "spree_payment_capture_events_payment_id" ON "spree_payment_capture_events" ("payment_id");ALTER TABLE "spree_payment_methods" ADD CONSTRAINT "spree_payment_methods_id_pkey" PRIMARY KEY(id);
DROP INDEX IF EXISTS "spree_payment_methods_id_type" CASCADE;
CREATE INDEX "spree_payment_methods_id_type" ON "spree_payment_methods" ("id", "type");ALTER TABLE "spree_payments" ADD CONSTRAINT "spree_payments_id_pkey" PRIMARY KEY(id);
DROP INDEX IF EXISTS "spree_payments_order_id" CASCADE;
CREATE INDEX "spree_payments_order_id" ON "spree_payments" ("order_id");
DROP INDEX IF EXISTS "spree_payments_payment_method_id" CASCADE;
CREATE INDEX "spree_payments_payment_method_id" ON "spree_payments" ("payment_method_id");
DROP INDEX IF EXISTS "spree_payments_source_id_source_type" CASCADE;
CREATE INDEX "spree_payments_source_id_source_type" ON "spree_payments" ("source_id", "source_type");
DROP INDEX IF EXISTS "spree_payments_number" CASCADE;
CREATE INDEX "spree_payments_number" ON "spree_payments" ("number");ALTER TABLE "spree_preferences" ADD CONSTRAINT "spree_preferences_id_pkey" PRIMARY KEY(id);
DROP INDEX IF EXISTS "spree_preferences_key" CASCADE;
CREATE UNIQUE INDEX "spree_preferences_key" ON "spree_preferences" ("key");ALTER TABLE "spree_prices" ADD CONSTRAINT "spree_prices_id_pkey" PRIMARY KEY(id);
DROP INDEX IF EXISTS "spree_prices_variant_id_currency" CASCADE;
CREATE INDEX "spree_prices_variant_id_currency" ON "spree_prices" ("variant_id", "currency");
DROP INDEX IF EXISTS "spree_prices_deleted_at" CASCADE;
CREATE INDEX "spree_prices_deleted_at" ON "spree_prices" ("deleted_at");ALTER TABLE "spree_product_option_types" ADD CONSTRAINT "spree_product_option_types_id_pkey" PRIMARY KEY(id);
DROP INDEX IF EXISTS "spree_product_option_types_option_type_id" CASCADE;
CREATE INDEX "spree_product_option_types_option_type_id" ON "spree_product_option_types" ("option_type_id");
DROP INDEX IF EXISTS "spree_product_option_types_product_id" CASCADE;
CREATE INDEX "spree_product_option_types_product_id" ON "spree_product_option_types" ("product_id");
DROP INDEX IF EXISTS "spree_product_option_types_position" CASCADE;
CREATE INDEX "spree_product_option_types_position" ON "spree_product_option_types" ("position");ALTER TABLE "spree_product_properties" ADD CONSTRAINT "spree_product_properties_id_pkey" PRIMARY KEY(id);
DROP INDEX IF EXISTS "spree_product_properties_product_id" CASCADE;
CREATE INDEX "spree_product_properties_product_id" ON "spree_product_properties" ("product_id");
DROP INDEX IF EXISTS "spree_product_properties_position" CASCADE;
CREATE INDEX "spree_product_properties_position" ON "spree_product_properties" ("position");
DROP INDEX IF EXISTS "spree_product_properties_property_id" CASCADE;
CREATE INDEX "spree_product_properties_property_id" ON "spree_product_properties" ("property_id");
DROP INDEX IF EXISTS "spree_product_properties_type_id" CASCADE;
CREATE INDEX "spree_product_properties_type_id" ON "spree_product_properties" ("type_id");ALTER TABLE "spree_product_property_types" ADD CONSTRAINT "spree_product_property_types_id_pkey" PRIMARY KEY(id);
DROP INDEX IF EXISTS "spree_product_property_types_name" CASCADE;
CREATE UNIQUE INDEX "spree_product_property_types_name" ON "spree_product_property_types" ("name");ALTER TABLE "spree_products" ADD CONSTRAINT "spree_products_id_pkey" PRIMARY KEY(id);
DROP INDEX IF EXISTS "spree_products_slug" CASCADE;
CREATE UNIQUE INDEX "spree_products_slug" ON "spree_products" ("slug");
DROP INDEX IF EXISTS "spree_products_available_on" CASCADE;
CREATE INDEX "spree_products_available_on" ON "spree_products" ("available_on");
DROP INDEX IF EXISTS "spree_products_deleted_at" CASCADE;
CREATE INDEX "spree_products_deleted_at" ON "spree_products" ("deleted_at");
DROP INDEX IF EXISTS "spree_products_name" CASCADE;
CREATE INDEX "spree_products_name" ON "spree_products" ("name");
DROP INDEX IF EXISTS "spree_products_shipping_category_id" CASCADE;
CREATE INDEX "spree_products_shipping_category_id" ON "spree_products" ("shipping_category_id");
DROP INDEX IF EXISTS "spree_products_tax_category_id" CASCADE;
CREATE INDEX "spree_products_tax_category_id" ON "spree_products" ("tax_category_id");DROP INDEX IF EXISTS "spree_products_promotion_rules_product_id" CASCADE;
CREATE INDEX "spree_products_promotion_rules_product_id" ON "spree_products_promotion_rules" ("product_id");
DROP INDEX IF EXISTS "spree_products_promotion_rules_promotion_rule_id" CASCADE;
CREATE INDEX "spree_products_promotion_rules_promotion_rule_id" ON "spree_products_promotion_rules" ("promotion_rule_id");ALTER TABLE "spree_products_taxons" ADD CONSTRAINT "spree_products_taxons_id_pkey" PRIMARY KEY(id);
DROP INDEX IF EXISTS "spree_products_taxons_product_id" CASCADE;
CREATE INDEX "spree_products_taxons_product_id" ON "spree_products_taxons" ("product_id");
DROP INDEX IF EXISTS "spree_products_taxons_taxon_id" CASCADE;
CREATE INDEX "spree_products_taxons_taxon_id" ON "spree_products_taxons" ("taxon_id");
DROP INDEX IF EXISTS "spree_products_taxons_position" CASCADE;
CREATE INDEX "spree_products_taxons_position" ON "spree_products_taxons" ("position");ALTER TABLE "spree_promotion_action_line_items" ADD CONSTRAINT "spree_promotion_action_line_items_id_pkey" PRIMARY KEY(id);
DROP INDEX IF EXISTS "spree_promotion_action_line_items_promotion_action_id" CASCADE;
CREATE INDEX "spree_promotion_action_line_items_promotion_action_id" ON "spree_promotion_action_line_items" ("promotion_action_id");
DROP INDEX IF EXISTS "spree_promotion_action_line_items_variant_id" CASCADE;
CREATE INDEX "spree_promotion_action_line_items_variant_id" ON "spree_promotion_action_line_items" ("variant_id");ALTER TABLE "spree_promotion_actions" ADD CONSTRAINT "spree_promotion_actions_id_pkey" PRIMARY KEY(id);
DROP INDEX IF EXISTS "spree_promotion_actions_id_type" CASCADE;
CREATE INDEX "spree_promotion_actions_id_type" ON "spree_promotion_actions" ("id", "type");
DROP INDEX IF EXISTS "spree_promotion_actions_promotion_id" CASCADE;
CREATE INDEX "spree_promotion_actions_promotion_id" ON "spree_promotion_actions" ("promotion_id");
DROP INDEX IF EXISTS "spree_promotion_actions_deleted_at" CASCADE;
CREATE INDEX "spree_promotion_actions_deleted_at" ON "spree_promotion_actions" ("deleted_at");ALTER TABLE "spree_promotion_categories" ADD CONSTRAINT "spree_promotion_categories_id_pkey" PRIMARY KEY(id);ALTER TABLE "spree_promotion_rules" ADD CONSTRAINT "spree_promotion_rules_id_pkey" PRIMARY KEY(id);
DROP INDEX IF EXISTS "spree_promotion_rules_product_group_id" CASCADE;
CREATE INDEX "spree_promotion_rules_product_group_id" ON "spree_promotion_rules" ("product_group_id");
DROP INDEX IF EXISTS "spree_promotion_rules_user_id" CASCADE;
CREATE INDEX "spree_promotion_rules_user_id" ON "spree_promotion_rules" ("user_id");
DROP INDEX IF EXISTS "spree_promotion_rules_promotion_id" CASCADE;
CREATE INDEX "spree_promotion_rules_promotion_id" ON "spree_promotion_rules" ("promotion_id");DROP INDEX IF EXISTS "spree_promotion_rules_users_promotion_rule_id" CASCADE;
CREATE INDEX "spree_promotion_rules_users_promotion_rule_id" ON "spree_promotion_rules_users" ("promotion_rule_id");
DROP INDEX IF EXISTS "spree_promotion_rules_users_user_id" CASCADE;
CREATE INDEX "spree_promotion_rules_users_user_id" ON "spree_promotion_rules_users" ("user_id");ALTER TABLE "spree_promotions" ADD CONSTRAINT "spree_promotions_id_pkey" PRIMARY KEY(id);
DROP INDEX IF EXISTS "spree_promotions_id_type" CASCADE;
CREATE INDEX "spree_promotions_id_type" ON "spree_promotions" ("id", "type");
DROP INDEX IF EXISTS "spree_promotions_code" CASCADE;
CREATE INDEX "spree_promotions_code" ON "spree_promotions" ("code");
DROP INDEX IF EXISTS "spree_promotions_expires_at" CASCADE;
CREATE INDEX "spree_promotions_expires_at" ON "spree_promotions" ("expires_at");
DROP INDEX IF EXISTS "spree_promotions_starts_at" CASCADE;
CREATE INDEX "spree_promotions_starts_at" ON "spree_promotions" ("starts_at");
DROP INDEX IF EXISTS "spree_promotions_advertise" CASCADE;
CREATE INDEX "spree_promotions_advertise" ON "spree_promotions" ("advertise");
DROP INDEX IF EXISTS "spree_promotions_promotion_category_id" CASCADE;
CREATE INDEX "spree_promotions_promotion_category_id" ON "spree_promotions" ("promotion_category_id");ALTER TABLE "spree_properties" ADD CONSTRAINT "spree_properties_id_pkey" PRIMARY KEY(id);
DROP INDEX IF EXISTS "spree_properties_enabled_for_filters" CASCADE;
CREATE INDEX "spree_properties_enabled_for_filters" ON "spree_properties" ("enabled_for_filters");ALTER TABLE "spree_prototypes" ADD CONSTRAINT "spree_prototypes_id_pkey" PRIMARY KEY(id);ALTER TABLE "spree_refund_reasons" ADD CONSTRAINT "spree_refund_reasons_id_pkey" PRIMARY KEY(id);ALTER TABLE "spree_refunds" ADD CONSTRAINT "spree_refunds_id_pkey" PRIMARY KEY(id);
DROP INDEX IF EXISTS "spree_refunds_refund_reason_id" CASCADE;
CREATE INDEX "spree_refunds_refund_reason_id" ON "spree_refunds" ("refund_reason_id");ALTER TABLE "spree_reimbursement_credits" ADD CONSTRAINT "spree_reimbursement_credits_id_pkey" PRIMARY KEY(id);ALTER TABLE "spree_reimbursement_types" ADD CONSTRAINT "spree_reimbursement_types_id_pkey" PRIMARY KEY(id);
DROP INDEX IF EXISTS "spree_reimbursement_types_type" CASCADE;
CREATE INDEX "spree_reimbursement_types_type" ON "spree_reimbursement_types" ("type");ALTER TABLE "spree_reimbursements" ADD CONSTRAINT "spree_reimbursements_id_pkey" PRIMARY KEY(id);
DROP INDEX IF EXISTS "spree_reimbursements_customer_return_id" CASCADE;
CREATE INDEX "spree_reimbursements_customer_return_id" ON "spree_reimbursements" ("customer_return_id");
DROP INDEX IF EXISTS "spree_reimbursements_order_id" CASCADE;
CREATE INDEX "spree_reimbursements_order_id" ON "spree_reimbursements" ("order_id");ALTER TABLE "spree_return_authorization_reasons" ADD CONSTRAINT "spree_return_authorization_reasons_id_pkey" PRIMARY KEY(id);ALTER TABLE "spree_return_authorizations" ADD CONSTRAINT "spree_return_authorizations_id_pkey" PRIMARY KEY(id);
DROP INDEX IF EXISTS "spree_return_authorizations_return_authorization_reason_id" CASCADE;
CREATE INDEX "spree_return_authorizations_return_authorization_reason_id" ON "spree_return_authorizations" ("return_authorization_reason_id");ALTER TABLE "spree_return_items" ADD CONSTRAINT "spree_return_items_id_pkey" PRIMARY KEY(id);
DROP INDEX IF EXISTS "spree_return_items_customer_return_id" CASCADE;
CREATE INDEX "spree_return_items_customer_return_id" ON "spree_return_items" ("customer_return_id");
DROP INDEX IF EXISTS "spree_return_items_exchange_inventory_unit_id" CASCADE;
CREATE INDEX "spree_return_items_exchange_inventory_unit_id" ON "spree_return_items" ("exchange_inventory_unit_id");ALTER TABLE "spree_reviews" ADD CONSTRAINT "spree_reviews_id_pkey" PRIMARY KEY(id);
DROP INDEX IF EXISTS "spree_reviews_show_identifier" CASCADE;
CREATE INDEX "spree_reviews_show_identifier" ON "spree_reviews" ("show_identifier");ALTER TABLE "spree_roles" ADD CONSTRAINT "spree_roles_id_pkey" PRIMARY KEY(id);DROP INDEX IF EXISTS "spree_roles_users_role_id" CASCADE;
CREATE INDEX "spree_roles_users_role_id" ON "spree_roles_users" ("role_id");
DROP INDEX IF EXISTS "spree_roles_users_user_id" CASCADE;
CREATE INDEX "spree_roles_users_user_id" ON "spree_roles_users" ("user_id");ALTER TABLE "spree_sales_app_configurations" ADD CONSTRAINT "spree_sales_app_configurations_id_pkey" PRIMARY KEY(id);ALTER TABLE "spree_shipments" ADD CONSTRAINT "spree_shipments_id_pkey" PRIMARY KEY(id);
DROP INDEX IF EXISTS "spree_shipments_number" CASCADE;
CREATE INDEX "spree_shipments_number" ON "spree_shipments" ("number");
DROP INDEX IF EXISTS "spree_shipments_order_id" CASCADE;
CREATE INDEX "spree_shipments_order_id" ON "spree_shipments" ("order_id");
DROP INDEX IF EXISTS "spree_shipments_stock_location_id" CASCADE;
CREATE INDEX "spree_shipments_stock_location_id" ON "spree_shipments" ("stock_location_id");
DROP INDEX IF EXISTS "spree_shipments_address_id" CASCADE;
CREATE INDEX "spree_shipments_address_id" ON "spree_shipments" ("address_id");ALTER TABLE "spree_shipping_categories" ADD CONSTRAINT "spree_shipping_categories_id_pkey" PRIMARY KEY(id);ALTER TABLE "spree_shipping_method_categories" ADD CONSTRAINT "spree_shipping_method_categories_id_pkey" PRIMARY KEY(id);
DROP INDEX IF EXISTS "spree_shipping_method_categories_shipping_category_id_shipping_method_id" CASCADE;
CREATE UNIQUE INDEX "spree_shipping_method_categories_shipping_category_id_shipping_method_id" ON "spree_shipping_method_categories" ("shipping_category_id", "shipping_method_id");
DROP INDEX IF EXISTS "spree_shipping_method_categories_shipping_method_id" CASCADE;
CREATE INDEX "spree_shipping_method_categories_shipping_method_id" ON "spree_shipping_method_categories" ("shipping_method_id");ALTER TABLE "spree_shipping_methods" ADD CONSTRAINT "spree_shipping_methods_id_pkey" PRIMARY KEY(id);
DROP INDEX IF EXISTS "spree_shipping_methods_deleted_at" CASCADE;
CREATE INDEX "spree_shipping_methods_deleted_at" ON "spree_shipping_methods" ("deleted_at");
DROP INDEX IF EXISTS "spree_shipping_methods_tax_category_id" CASCADE;
CREATE INDEX "spree_shipping_methods_tax_category_id" ON "spree_shipping_methods" ("tax_category_id");ALTER TABLE "spree_shipping_rates" ADD CONSTRAINT "spree_shipping_rates_id_pkey" PRIMARY KEY(id);
DROP INDEX IF EXISTS "spree_shipping_rates_shipment_id_shipping_method_id" CASCADE;
CREATE UNIQUE INDEX "spree_shipping_rates_shipment_id_shipping_method_id" ON "spree_shipping_rates" ("shipment_id", "shipping_method_id");
DROP INDEX IF EXISTS "spree_shipping_rates_selected" CASCADE;
CREATE INDEX "spree_shipping_rates_selected" ON "spree_shipping_rates" ("selected");
DROP INDEX IF EXISTS "spree_shipping_rates_tax_rate_id" CASCADE;
CREATE INDEX "spree_shipping_rates_tax_rate_id" ON "spree_shipping_rates" ("tax_rate_id");ALTER TABLE "spree_skrill_transactions" ADD CONSTRAINT "spree_skrill_transactions_id_pkey" PRIMARY KEY(id);ALTER TABLE "spree_state_changes" ADD CONSTRAINT "spree_state_changes_id_pkey" PRIMARY KEY(id);
DROP INDEX IF EXISTS "spree_state_changes_stateful_id_stateful_type" CASCADE;
CREATE INDEX "spree_state_changes_stateful_id_stateful_type" ON "spree_state_changes" ("stateful_id", "stateful_type");
DROP INDEX IF EXISTS "spree_state_changes_user_id" CASCADE;
CREATE INDEX "spree_state_changes_user_id" ON "spree_state_changes" ("user_id");ALTER TABLE "spree_states" ADD CONSTRAINT "spree_states_id_pkey" PRIMARY KEY(id);
DROP INDEX IF EXISTS "spree_states_country_id" CASCADE;
CREATE INDEX "spree_states_country_id" ON "spree_states" ("country_id");ALTER TABLE "spree_stock_items" ADD CONSTRAINT "spree_stock_items_id_pkey" PRIMARY KEY(id);
DROP INDEX IF EXISTS "spree_stock_items_stock_location_id" CASCADE;
CREATE INDEX "spree_stock_items_stock_location_id" ON "spree_stock_items" ("stock_location_id");
DROP INDEX IF EXISTS "spree_stock_items_stock_location_id_variant_id" CASCADE;
CREATE INDEX "spree_stock_items_stock_location_id_variant_id" ON "spree_stock_items" ("stock_location_id", "variant_id");
DROP INDEX IF EXISTS "spree_stock_items_deleted_at" CASCADE;
CREATE INDEX "spree_stock_items_deleted_at" ON "spree_stock_items" ("deleted_at");
DROP INDEX IF EXISTS "spree_stock_items_backorderable" CASCADE;
CREATE INDEX "spree_stock_items_backorderable" ON "spree_stock_items" ("backorderable");
DROP INDEX IF EXISTS "spree_stock_items_variant_id" CASCADE;
CREATE INDEX "spree_stock_items_variant_id" ON "spree_stock_items" ("variant_id");ALTER TABLE "spree_stock_locations" ADD CONSTRAINT "spree_stock_locations_id_pkey" PRIMARY KEY(id);
DROP INDEX IF EXISTS "spree_stock_locations_active" CASCADE;
CREATE INDEX "spree_stock_locations_active" ON "spree_stock_locations" ("active");
DROP INDEX IF EXISTS "spree_stock_locations_backorderable_default" CASCADE;
CREATE INDEX "spree_stock_locations_backorderable_default" ON "spree_stock_locations" ("backorderable_default");
DROP INDEX IF EXISTS "spree_stock_locations_country_id" CASCADE;
CREATE INDEX "spree_stock_locations_country_id" ON "spree_stock_locations" ("country_id");
DROP INDEX IF EXISTS "spree_stock_locations_propagate_all_variants" CASCADE;
CREATE INDEX "spree_stock_locations_propagate_all_variants" ON "spree_stock_locations" ("propagate_all_variants");
DROP INDEX IF EXISTS "spree_stock_locations_state_id" CASCADE;
CREATE INDEX "spree_stock_locations_state_id" ON "spree_stock_locations" ("state_id");ALTER TABLE "spree_stock_movements" ADD CONSTRAINT "spree_stock_movements_id_pkey" PRIMARY KEY(id);
DROP INDEX IF EXISTS "spree_stock_movements_stock_item_id" CASCADE;
CREATE INDEX "spree_stock_movements_stock_item_id" ON "spree_stock_movements" ("stock_item_id");ALTER TABLE "spree_stock_transfers" ADD CONSTRAINT "spree_stock_transfers_id_pkey" PRIMARY KEY(id);
DROP INDEX IF EXISTS "spree_stock_transfers_number" CASCADE;
CREATE INDEX "spree_stock_transfers_number" ON "spree_stock_transfers" ("number");
DROP INDEX IF EXISTS "spree_stock_transfers_source_location_id" CASCADE;
CREATE INDEX "spree_stock_transfers_source_location_id" ON "spree_stock_transfers" ("source_location_id");
DROP INDEX IF EXISTS "spree_stock_transfers_destination_location_id" CASCADE;
CREATE INDEX "spree_stock_transfers_destination_location_id" ON "spree_stock_transfers" ("destination_location_id");ALTER TABLE "spree_stores" ADD CONSTRAINT "spree_stores_id_pkey" PRIMARY KEY(id);
DROP INDEX IF EXISTS "spree_stores_code" CASCADE;
CREATE INDEX "spree_stores_code" ON "spree_stores" ("code");
DROP INDEX IF EXISTS "spree_stores_default" CASCADE;
CREATE INDEX "spree_stores_default" ON "spree_stores" ("default");
DROP INDEX IF EXISTS "spree_stores_url" CASCADE;
CREATE INDEX "spree_stores_url" ON "spree_stores" ("url");ALTER TABLE "spree_tax_categories" ADD CONSTRAINT "spree_tax_categories_id_pkey" PRIMARY KEY(id);
DROP INDEX IF EXISTS "spree_tax_categories_deleted_at" CASCADE;
CREATE INDEX "spree_tax_categories_deleted_at" ON "spree_tax_categories" ("deleted_at");
DROP INDEX IF EXISTS "spree_tax_categories_is_default" CASCADE;
CREATE INDEX "spree_tax_categories_is_default" ON "spree_tax_categories" ("is_default");ALTER TABLE "spree_tax_rates" ADD CONSTRAINT "spree_tax_rates_id_pkey" PRIMARY KEY(id);
DROP INDEX IF EXISTS "spree_tax_rates_deleted_at" CASCADE;
CREATE INDEX "spree_tax_rates_deleted_at" ON "spree_tax_rates" ("deleted_at");
DROP INDEX IF EXISTS "spree_tax_rates_included_in_price" CASCADE;
CREATE INDEX "spree_tax_rates_included_in_price" ON "spree_tax_rates" ("included_in_price");
DROP INDEX IF EXISTS "spree_tax_rates_show_rate_in_label" CASCADE;
CREATE INDEX "spree_tax_rates_show_rate_in_label" ON "spree_tax_rates" ("show_rate_in_label");
DROP INDEX IF EXISTS "spree_tax_rates_tax_category_id" CASCADE;
CREATE INDEX "spree_tax_rates_tax_category_id" ON "spree_tax_rates" ("tax_category_id");
DROP INDEX IF EXISTS "spree_tax_rates_zone_id" CASCADE;
CREATE INDEX "spree_tax_rates_zone_id" ON "spree_tax_rates" ("zone_id");ALTER TABLE "spree_taxonomies" ADD CONSTRAINT "spree_taxonomies_id_pkey" PRIMARY KEY(id);
DROP INDEX IF EXISTS "spree_taxonomies_position" CASCADE;
CREATE INDEX "spree_taxonomies_position" ON "spree_taxonomies" ("position");ALTER TABLE "spree_taxons" ADD CONSTRAINT "spree_taxons_id_pkey" PRIMARY KEY(id);
DROP INDEX IF EXISTS "spree_taxons_parent_id" CASCADE;
CREATE INDEX "spree_taxons_parent_id" ON "spree_taxons" ("parent_id");
DROP INDEX IF EXISTS "spree_taxons_permalink" CASCADE;
CREATE INDEX "spree_taxons_permalink" ON "spree_taxons" ("permalink");
DROP INDEX IF EXISTS "spree_taxons_taxonomy_id" CASCADE;
CREATE INDEX "spree_taxons_taxonomy_id" ON "spree_taxons" ("taxonomy_id");
DROP INDEX IF EXISTS "spree_taxons_position" CASCADE;
CREATE INDEX "spree_taxons_position" ON "spree_taxons" ("position");
DROP INDEX IF EXISTS "spree_taxons_suggestable" CASCADE;
CREATE INDEX "spree_taxons_suggestable" ON "spree_taxons" ("suggestable");ALTER TABLE "spree_taxons_promotion_rules" ADD CONSTRAINT "spree_taxons_promotion_rules_id_pkey" PRIMARY KEY(id);
DROP INDEX IF EXISTS "spree_taxons_promotion_rules_taxon_id" CASCADE;
CREATE INDEX "spree_taxons_promotion_rules_taxon_id" ON "spree_taxons_promotion_rules" ("taxon_id");
DROP INDEX IF EXISTS "spree_taxons_promotion_rules_promotion_rule_id" CASCADE;
CREATE INDEX "spree_taxons_promotion_rules_promotion_rule_id" ON "spree_taxons_promotion_rules" ("promotion_rule_id");ALTER TABLE "spree_taxons_prototypes" ADD CONSTRAINT "spree_taxons_prototypes_id_pkey" PRIMARY KEY(id);
DROP INDEX IF EXISTS "spree_taxons_prototypes_taxon_id" CASCADE;
CREATE INDEX "spree_taxons_prototypes_taxon_id" ON "spree_taxons_prototypes" ("taxon_id");
DROP INDEX IF EXISTS "spree_taxons_prototypes_prototype_id" CASCADE;
CREATE INDEX "spree_taxons_prototypes_prototype_id" ON "spree_taxons_prototypes" ("prototype_id");ALTER TABLE "spree_trackers" ADD CONSTRAINT "spree_trackers_id_pkey" PRIMARY KEY(id);
DROP INDEX IF EXISTS "spree_trackers_active" CASCADE;
CREATE INDEX "spree_trackers_active" ON "spree_trackers" ("active");ALTER TABLE "spree_user_authentications" ADD CONSTRAINT "spree_user_authentications_id_pkey" PRIMARY KEY(id);
DROP INDEX IF EXISTS "spree_user_authentications_provider_user_id" CASCADE;
CREATE INDEX "spree_user_authentications_provider_user_id" ON "spree_user_authentications" ("provider", "user_id");ALTER TABLE "spree_users" ADD CONSTRAINT "spree_users_id_pkey" PRIMARY KEY(id);
DROP INDEX IF EXISTS "spree_users_email" CASCADE;
CREATE UNIQUE INDEX "spree_users_email" ON "spree_users" ("email");
DROP INDEX IF EXISTS "spree_users_spree_api_key" CASCADE;
CREATE INDEX "spree_users_spree_api_key" ON "spree_users" ("spree_api_key");
DROP INDEX IF EXISTS "spree_users_deleted_at" CASCADE;
CREATE INDEX "spree_users_deleted_at" ON "spree_users" ("deleted_at");ALTER TABLE "spree_variants" ADD CONSTRAINT "spree_variants_id_pkey" PRIMARY KEY(id);
DROP INDEX IF EXISTS "spree_variants_product_id" CASCADE;
CREATE INDEX "spree_variants_product_id" ON "spree_variants" ("product_id");
DROP INDEX IF EXISTS "spree_variants_sku" CASCADE;
CREATE INDEX "spree_variants_sku" ON "spree_variants" ("sku");
DROP INDEX IF EXISTS "spree_variants_tax_category_id" CASCADE;
CREATE INDEX "spree_variants_tax_category_id" ON "spree_variants" ("tax_category_id");
DROP INDEX IF EXISTS "spree_variants_deleted_at" CASCADE;
CREATE INDEX "spree_variants_deleted_at" ON "spree_variants" ("deleted_at");
DROP INDEX IF EXISTS "spree_variants_is_master" CASCADE;
CREATE INDEX "spree_variants_is_master" ON "spree_variants" ("is_master");
DROP INDEX IF EXISTS "spree_variants_position" CASCADE;
CREATE INDEX "spree_variants_position" ON "spree_variants" ("position");
DROP INDEX IF EXISTS "spree_variants_track_inventory" CASCADE;
CREATE INDEX "spree_variants_track_inventory" ON "spree_variants" ("track_inventory");ALTER TABLE "spree_wished_products" ADD CONSTRAINT "spree_wished_products_id_pkey" PRIMARY KEY(id);ALTER TABLE "spree_wishlists" ADD CONSTRAINT "spree_wishlists_id_pkey" PRIMARY KEY(id);
DROP INDEX IF EXISTS "spree_wishlists_user_id" CASCADE;
CREATE INDEX "spree_wishlists_user_id" ON "spree_wishlists" ("user_id");
DROP INDEX IF EXISTS "spree_wishlists_user_id_is_default" CASCADE;
CREATE INDEX "spree_wishlists_user_id_is_default" ON "spree_wishlists" ("user_id", "is_default");ALTER TABLE "spree_zone_members" ADD CONSTRAINT "spree_zone_members_id_pkey" PRIMARY KEY(id);
DROP INDEX IF EXISTS "spree_zone_members_zone_id" CASCADE;
CREATE INDEX "spree_zone_members_zone_id" ON "spree_zone_members" ("zone_id");
DROP INDEX IF EXISTS "spree_zone_members_zoneable_id_zoneable_type" CASCADE;
CREATE INDEX "spree_zone_members_zoneable_id_zoneable_type" ON "spree_zone_members" ("zoneable_id", "zoneable_type");ALTER TABLE "spree_zones" ADD CONSTRAINT "spree_zones_id_pkey" PRIMARY KEY(id);
DROP INDEX IF EXISTS "spree_zones_default_tax" CASCADE;
CREATE INDEX "spree_zones_default_tax" ON "spree_zones" ("default_tax");
DROP INDEX IF EXISTS "spree_zones_kind" CASCADE;
CREATE INDEX "spree_zones_kind" ON "spree_zones" ("kind");